"agency","fiscal_year","n","n_salaried","n_hourly","n_daily"
"ADMIN FOR CHILDREN'S SVCS",2014,5888,5801,78,9
"ADMIN FOR CHILDREN'S SVCS",2015,5931,5864,58,9
"ADMIN FOR CHILDREN'S SVCS",2016,5861,5818,33,10
"ADMIN FOR CHILDREN'S SVCS",2017,6244,6212,21,11
"ADMIN FOR CHILDREN'S SVCS",2018,6560,6502,42,16
"ADMIN FOR CHILDREN'S SVCS",2019,7049,7017,14,18
"ADMIN FOR CHILDREN'S SVCS",2020,7042,6994,31,17
"ADMIN FOR CHILDREN'S SVCS",2021,6785,6742,26,17
"ADMIN FOR CHILDREN'S SVCS",2022,6235,6188,22,25
"ADMIN FOR CHILDREN'S SVCS",2023,6139,6089,25,25
"ADMIN FOR CHILDREN'S SVCS",2024,6440,6354,62,24
"ADMIN FOR CHILDREN'S SVCS",2025,6446,6341,82,23
"ADMIN TRIALS AND HEARINGS",2014,565,236,328,1
"ADMIN TRIALS AND HEARINGS",2015,584,238,345,1
"ADMIN TRIALS AND HEARINGS",2016,595,234,359,2
"ADMIN TRIALS AND HEARINGS",2017,607,267,337,3
"ADMIN TRIALS AND HEARINGS",2018,639,284,352,3
"ADMIN TRIALS AND HEARINGS",2019,685,302,380,3
"ADMIN TRIALS AND HEARINGS",2020,663,299,361,3
"ADMIN TRIALS AND HEARINGS",2021,519,278,238,3
"ADMIN TRIALS AND HEARINGS",2022,568,313,252,3
"ADMIN TRIALS AND HEARINGS",2023,583,375,205,3
"ADMIN TRIALS AND HEARINGS",2024,634,413,218,3
"ADMIN TRIALS AND HEARINGS",2025,672,453,216,3
"BOARD OF CORRECTION",2015,16,16,0,0
"BOARD OF CORRECTION",2016,17,17,0,0
"BOARD OF CORRECTION",2017,21,21,0,0
"BOARD OF CORRECTION",2018,28,28,0,0
"BOARD OF CORRECTION",2019,29,29,0,0
"BOARD OF CORRECTION",2020,27,27,0,0
"BOARD OF CORRECTION",2021,23,23,0,0
"BOARD OF CORRECTION",2022,23,23,0,0
"BOARD OF CORRECTION",2023,28,28,0,0
"BOARD OF CORRECTION",2024,24,24,0,0
"BOARD OF CORRECTION",2025,27,27,0,0
"BOARD OF CORRECTIONS",2014,16,16,0,0
"BOARD OF ELECTION",2014,655,365,290,0
"BOARD OF ELECTION",2015,677,367,310,0
"BOARD OF ELECTION",2016,779,469,310,0
"BOARD OF ELECTION",2017,730,511,219,0
"BOARD OF ELECTION",2018,745,536,209,0
"BOARD OF ELECTION",2019,815,540,275,0
"BOARD OF ELECTION",2020,904,681,223,0
"BOARD OF ELECTION",2021,921,717,204,0
"BOARD OF ELECTION",2022,874,704,170,0
"BOARD OF ELECTION",2023,895,691,204,0
"BOARD OF ELECTION",2024,916,693,223,0
"BOARD OF ELECTION",2025,930,699,231,0
"BOARD OF ELECTION POLL WORKERS",2014,33215,0,33215,0
"BOARD OF ELECTION POLL WORKERS",2015,32750,0,32750,0
"BOARD OF ELECTION POLL WORKERS",2016,29294,0,29294,0
"BOARD OF ELECTION POLL WORKERS",2017,38896,0,38896,0
"BOARD OF ELECTION POLL WORKERS",2018,32843,0,32843,0
"BOARD OF ELECTION POLL WORKERS",2019,36958,0,36958,0
"BOARD OF ELECTION POLL WORKERS",2020,30968,0,30968,0
"BOARD OF ELECTION POLL WORKERS",2021,43561,0,43561,0
"BOARD OF ELECTION POLL WORKERS",2022,35631,0,35631,0
"BOARD OF ELECTION POLL WORKERS",2023,29826,0,29826,0
"BOARD OF ELECTION POLL WORKERS",2024,30421,0,30421,0
"BOARD OF ELECTION POLL WORKERS",2025,36633,0,36633,0
"BOROUGH PRESIDENT-BRONX",2014,57,55,2,0
"BOROUGH PRESIDENT-BRONX",2015,59,56,3,0
"BOROUGH PRESIDENT-BRONX",2016,56,55,1,0
"BOROUGH PRESIDENT-BRONX",2017,53,51,2,0
"BOROUGH PRESIDENT-BRONX",2018,52,50,2,0
"BOROUGH PRESIDENT-BRONX",2019,55,53,2,0
"BOROUGH PRESIDENT-BRONX",2020,54,51,3,0
"BOROUGH PRESIDENT-BRONX",2021,51,48,3,0
"BOROUGH PRESIDENT-BRONX",2022,53,52,1,0
"BOROUGH PRESIDENT-BRONX",2023,55,52,3,0
"BOROUGH PRESIDENT-BRONX",2024,58,56,2,0
"BOROUGH PRESIDENT-BRONX",2025,57,55,2,0
"BOROUGH PRESIDENT-BROOKLYN",2014,60,57,3,0
"BOROUGH PRESIDENT-BROOKLYN",2015,66,59,7,0
"BOROUGH PRESIDENT-BROOKLYN",2016,69,64,5,0
"BOROUGH PRESIDENT-BROOKLYN",2017,66,61,5,0
"BOROUGH PRESIDENT-BROOKLYN",2018,67,59,8,0
"BOROUGH PRESIDENT-BROOKLYN",2019,64,60,4,0
"BOROUGH PRESIDENT-BROOKLYN",2020,66,63,3,0
"BOROUGH PRESIDENT-BROOKLYN",2021,66,63,3,0
"BOROUGH PRESIDENT-BROOKLYN",2022,46,46,0,0
"BOROUGH PRESIDENT-BROOKLYN",2023,53,51,2,0
"BOROUGH PRESIDENT-BROOKLYN",2024,57,54,3,0
"BOROUGH PRESIDENT-BROOKLYN",2025,66,60,6,0
"BOROUGH PRESIDENT-QUEENS",2014,57,53,1,0
"BOROUGH PRESIDENT-QUEENS",2015,59,57,0,0
"BOROUGH PRESIDENT-QUEENS",2016,58,56,0,0
"BOROUGH PRESIDENT-QUEENS",2017,57,55,0,0
"BOROUGH PRESIDENT-QUEENS",2018,56,55,0,0
"BOROUGH PRESIDENT-QUEENS",2019,59,58,0,0
"BOROUGH PRESIDENT-QUEENS",2020,55,54,0,0
"BOROUGH PRESIDENT-QUEENS",2021,68,67,0,0
"BOROUGH PRESIDENT-QUEENS",2022,64,64,0,0
"BOROUGH PRESIDENT-QUEENS",2023,62,61,1,0
"BOROUGH PRESIDENT-QUEENS",2024,63,61,2,0
"BOROUGH PRESIDENT-QUEENS",2025,65,63,2,0
"BOROUGH PRESIDENT-STATEN IS",2014,40,36,4,0
"BOROUGH PRESIDENT-STATEN IS",2015,40,36,4,0
"BOROUGH PRESIDENT-STATEN IS",2016,42,37,5,0
"BOROUGH PRESIDENT-STATEN IS",2017,46,41,5,0
"BOROUGH PRESIDENT-STATEN IS",2018,46,40,6,0
"BOROUGH PRESIDENT-STATEN IS",2019,45,36,9,0
"BOROUGH PRESIDENT-STATEN IS",2020,43,36,7,0
"BOROUGH PRESIDENT-STATEN IS",2021,39,33,6,0
"BOROUGH PRESIDENT-STATEN IS",2022,36,29,7,0
"BOROUGH PRESIDENT-STATEN IS",2023,37,27,10,0
"BOROUGH PRESIDENT-STATEN IS",2024,36,28,8,0
"BOROUGH PRESIDENT-STATEN IS",2025,37,27,10,0
"BRONX COMMUNITY BOARD #1",2014,2,2,0,0
"BRONX COMMUNITY BOARD #1",2015,2,2,0,0
"BRONX COMMUNITY BOARD #1",2016,2,2,0,0
"BRONX COMMUNITY BOARD #1",2017,2,2,0,0
"BRONX COMMUNITY BOARD #1",2018,2,2,0,0
"BRONX COMMUNITY BOARD #1",2019,2,2,0,0
"BRONX COMMUNITY BOARD #1",2020,2,2,0,0
"BRONX COMMUNITY BOARD #1",2021,1,1,0,0
"BRONX COMMUNITY BOARD #1",2022,1,1,0,0
"BRONX COMMUNITY BOARD #1",2023,2,2,0,0
"BRONX COMMUNITY BOARD #1",2024,2,2,0,0
"BRONX COMMUNITY BOARD #1",2025,3,3,0,0
"BRONX COMMUNITY BOARD #10",2014,5,2,3,0
"BRONX COMMUNITY BOARD #10",2015,5,2,3,0
"BRONX COMMUNITY BOARD #10",2016,6,2,4,0
"BRONX COMMUNITY BOARD #10",2017,6,2,4,0
"BRONX COMMUNITY BOARD #10",2018,6,3,3,0
"BRONX COMMUNITY BOARD #10",2019,5,3,2,0
"BRONX COMMUNITY BOARD #10",2020,5,3,2,0
"BRONX COMMUNITY BOARD #10",2021,5,3,2,0
"BRONX COMMUNITY BOARD #10",2022,5,3,2,0
"BRONX COMMUNITY BOARD #10",2023,4,3,1,0
"BRONX COMMUNITY BOARD #10",2024,4,3,1,0
"BRONX COMMUNITY BOARD #10",2025,4,3,1,0
"BRONX COMMUNITY BOARD #11",2014,5,1,4,0
"BRONX COMMUNITY BOARD #11",2015,4,1,3,0
"BRONX COMMUNITY BOARD #11",2016,4,2,2,0
"BRONX COMMUNITY BOARD #11",2017,5,2,3,0
"BRONX COMMUNITY BOARD #11",2018,4,2,2,0
"BRONX COMMUNITY BOARD #11",2019,3,3,0,0
"BRONX COMMUNITY BOARD #11",2020,3,3,0,0
"BRONX COMMUNITY BOARD #11",2021,3,3,0,0
"BRONX COMMUNITY BOARD #11",2022,3,3,0,0
"BRONX COMMUNITY BOARD #11",2023,3,3,0,0
"BRONX COMMUNITY BOARD #11",2024,3,3,0,0
"BRONX COMMUNITY BOARD #11",2025,3,3,0,0
"BRONX COMMUNITY BOARD #12",2014,2,2,0,0
"BRONX COMMUNITY BOARD #12",2015,2,2,0,0
"BRONX COMMUNITY BOARD #12",2016,3,3,0,0
"BRONX COMMUNITY BOARD #12",2017,2,2,0,0
"BRONX COMMUNITY BOARD #12",2018,2,2,0,0
"BRONX COMMUNITY BOARD #12",2019,2,2,0,0
"BRONX COMMUNITY BOARD #12",2020,2,2,0,0
"BRONX COMMUNITY BOARD #12",2021,2,2,0,0
"BRONX COMMUNITY BOARD #12",2022,2,2,0,0
"BRONX COMMUNITY BOARD #12",2023,2,2,0,0
"BRONX COMMUNITY BOARD #12",2024,2,2,0,0
"BRONX COMMUNITY BOARD #12",2025,2,2,0,0
"BRONX COMMUNITY BOARD #2",2014,3,3,0,0
"BRONX COMMUNITY BOARD #2",2015,3,3,0,0
"BRONX COMMUNITY BOARD #2",2016,2,2,0,0
"BRONX COMMUNITY BOARD #2",2017,3,3,0,0
"BRONX COMMUNITY BOARD #2",2018,3,3,0,0
"BRONX COMMUNITY BOARD #2",2019,3,2,1,0
"BRONX COMMUNITY BOARD #2",2020,3,2,1,0
"BRONX COMMUNITY BOARD #2",2021,3,2,1,0
"BRONX COMMUNITY BOARD #2",2022,2,2,0,0
"BRONX COMMUNITY BOARD #2",2023,2,2,0,0
"BRONX COMMUNITY BOARD #2",2024,2,2,0,0
"BRONX COMMUNITY BOARD #2",2025,2,2,0,0
"BRONX COMMUNITY BOARD #3",2014,2,2,0,0
"BRONX COMMUNITY BOARD #3",2015,2,2,0,0
"BRONX COMMUNITY BOARD #3",2016,2,2,0,0
"BRONX COMMUNITY BOARD #3",2017,2,2,0,0
"BRONX COMMUNITY BOARD #3",2018,2,2,0,0
"BRONX COMMUNITY BOARD #3",2019,2,2,0,0
"BRONX COMMUNITY BOARD #3",2020,2,2,0,0
"BRONX COMMUNITY BOARD #3",2021,1,1,0,0
"BRONX COMMUNITY BOARD #3",2022,1,1,0,0
"BRONX COMMUNITY BOARD #3",2023,1,1,0,0
"BRONX COMMUNITY BOARD #3",2024,2,2,0,0
"BRONX COMMUNITY BOARD #3",2025,2,2,0,0
"BRONX COMMUNITY BOARD #4",2014,3,3,0,0
"BRONX COMMUNITY BOARD #4",2015,3,3,0,0
"BRONX COMMUNITY BOARD #4",2016,3,3,0,0
"BRONX COMMUNITY BOARD #4",2017,3,3,0,0
"BRONX COMMUNITY BOARD #4",2018,3,3,0,0
"BRONX COMMUNITY BOARD #4",2019,3,3,0,0
"BRONX COMMUNITY BOARD #4",2020,3,3,0,0
"BRONX COMMUNITY BOARD #4",2021,3,3,0,0
"BRONX COMMUNITY BOARD #4",2022,3,3,0,0
"BRONX COMMUNITY BOARD #4",2023,2,2,0,0
"BRONX COMMUNITY BOARD #4",2024,3,3,0,0
"BRONX COMMUNITY BOARD #4",2025,2,2,0,0
"BRONX COMMUNITY BOARD #5",2014,3,3,0,0
"BRONX COMMUNITY BOARD #5",2015,3,3,0,0
"BRONX COMMUNITY BOARD #5",2016,2,2,0,0
"BRONX COMMUNITY BOARD #5",2017,1,1,0,0
"BRONX COMMUNITY BOARD #5",2018,2,2,0,0
"BRONX COMMUNITY BOARD #5",2019,3,3,0,0
"BRONX COMMUNITY BOARD #5",2020,3,2,1,0
"BRONX COMMUNITY BOARD #5",2021,3,2,1,0
"BRONX COMMUNITY BOARD #5",2022,2,2,0,0
"BRONX COMMUNITY BOARD #5",2023,2,2,0,0
"BRONX COMMUNITY BOARD #5",2024,2,2,0,0
"BRONX COMMUNITY BOARD #5",2025,2,2,0,0
"BRONX COMMUNITY BOARD #6",2014,2,2,0,0
"BRONX COMMUNITY BOARD #6",2015,2,2,0,0
"BRONX COMMUNITY BOARD #6",2016,3,2,1,0
"BRONX COMMUNITY BOARD #6",2017,2,2,0,0
"BRONX COMMUNITY BOARD #6",2018,3,2,1,0
"BRONX COMMUNITY BOARD #6",2019,3,2,1,0
"BRONX COMMUNITY BOARD #6",2020,3,2,1,0
"BRONX COMMUNITY BOARD #6",2021,3,2,1,0
"BRONX COMMUNITY BOARD #6",2022,2,1,1,0
"BRONX COMMUNITY BOARD #6",2023,2,2,0,0
"BRONX COMMUNITY BOARD #6",2024,3,2,1,0
"BRONX COMMUNITY BOARD #6",2025,3,3,0,0
"BRONX COMMUNITY BOARD #7",2014,3,3,0,0
"BRONX COMMUNITY BOARD #7",2015,3,3,0,0
"BRONX COMMUNITY BOARD #7",2016,3,3,0,0
"BRONX COMMUNITY BOARD #7",2017,3,3,0,0
"BRONX COMMUNITY BOARD #7",2018,3,3,0,0
"BRONX COMMUNITY BOARD #7",2019,3,3,0,0
"BRONX COMMUNITY BOARD #7",2020,3,3,0,0
"BRONX COMMUNITY BOARD #7",2021,3,3,0,0
"BRONX COMMUNITY BOARD #7",2022,3,3,0,0
"BRONX COMMUNITY BOARD #7",2023,1,1,0,0
"BRONX COMMUNITY BOARD #7",2024,3,3,0,0
"BRONX COMMUNITY BOARD #7",2025,3,3,0,0
"BRONX COMMUNITY BOARD #8",2014,3,3,0,0
"BRONX COMMUNITY BOARD #8",2015,2,2,0,0
"BRONX COMMUNITY BOARD #8",2016,3,3,0,0
"BRONX COMMUNITY BOARD #8",2017,3,3,0,0
"BRONX COMMUNITY BOARD #8",2018,3,3,0,0
"BRONX COMMUNITY BOARD #8",2019,3,3,0,0
"BRONX COMMUNITY BOARD #8",2020,3,3,0,0
"BRONX COMMUNITY BOARD #8",2021,3,3,0,0
"BRONX COMMUNITY BOARD #8",2022,3,3,0,0
"BRONX COMMUNITY BOARD #8",2023,2,2,0,0
"BRONX COMMUNITY BOARD #8",2024,2,2,0,0
"BRONX COMMUNITY BOARD #8",2025,2,2,0,0
"BRONX COMMUNITY BOARD #9",2014,3,2,1,0
"BRONX COMMUNITY BOARD #9",2015,2,1,1,0
"BRONX COMMUNITY BOARD #9",2016,3,2,1,0
"BRONX COMMUNITY BOARD #9",2017,3,1,2,0
"BRONX COMMUNITY BOARD #9",2018,5,3,2,0
"BRONX COMMUNITY BOARD #9",2019,4,3,1,0
"BRONX COMMUNITY BOARD #9",2020,4,3,1,0
"BRONX COMMUNITY BOARD #9",2021,3,3,0,0
"BRONX COMMUNITY BOARD #9",2022,3,3,0,0
"BRONX COMMUNITY BOARD #9",2023,3,3,0,0
"BRONX COMMUNITY BOARD #9",2024,3,3,0,0
"BRONX COMMUNITY BOARD #9",2025,3,3,0,0
"BRONX DA",2014,810,808,2,0
"BRONX DISTRICT ATTORNEY",2015,828,826,2,0
"BRONX DISTRICT ATTORNEY",2016,841,840,1,0
"BRONX DISTRICT ATTORNEY",2017,1005,1003,2,0
"BRONX DISTRICT ATTORNEY",2018,1002,999,3,0
"BRONX DISTRICT ATTORNEY",2019,1106,1050,56,0
"BRONX DISTRICT ATTORNEY",2020,1039,1038,1,0
"BRONX DISTRICT ATTORNEY",2021,1034,1033,1,0
"BRONX DISTRICT ATTORNEY",2022,960,959,1,0
"BRONX DISTRICT ATTORNEY",2023,1081,990,91,0
"BRONX DISTRICT ATTORNEY",2024,1132,1019,113,0
"BRONX DISTRICT ATTORNEY",2025,1265,1149,115,0
"BROOKLYN COMMUNITY BOARD #1",2014,3,2,1,0
"BROOKLYN COMMUNITY BOARD #1",2015,3,2,1,0
"BROOKLYN COMMUNITY BOARD #1",2016,3,2,1,0
"BROOKLYN COMMUNITY BOARD #1",2017,3,2,1,0
"BROOKLYN COMMUNITY BOARD #1",2018,3,2,1,0
"BROOKLYN COMMUNITY BOARD #1",2019,3,3,0,0
"BROOKLYN COMMUNITY BOARD #1",2020,3,3,0,0
"BROOKLYN COMMUNITY BOARD #1",2021,3,3,0,0
"BROOKLYN COMMUNITY BOARD #1",2022,3,3,0,0
"BROOKLYN COMMUNITY BOARD #1",2023,2,2,0,0
"BROOKLYN COMMUNITY BOARD #1",2024,2,2,0,0
"BROOKLYN COMMUNITY BOARD #1",2025,3,2,1,0
"BROOKLYN COMMUNITY BOARD #10",2014,3,2,1,0
"BROOKLYN COMMUNITY BOARD #10",2015,3,2,1,0
"BROOKLYN COMMUNITY BOARD #10",2016,3,2,1,0
"BROOKLYN COMMUNITY BOARD #10",2017,2,2,0,0
"BROOKLYN COMMUNITY BOARD #10",2018,5,2,3,0
"BROOKLYN COMMUNITY BOARD #10",2019,4,2,2,0
"BROOKLYN COMMUNITY BOARD #10",2020,4,2,2,0
"BROOKLYN COMMUNITY BOARD #10",2021,3,2,1,0
"BROOKLYN COMMUNITY BOARD #10",2022,3,2,1,0
"BROOKLYN COMMUNITY BOARD #10",2023,3,2,1,0
"BROOKLYN COMMUNITY BOARD #10",2024,4,2,2,0
"BROOKLYN COMMUNITY BOARD #10",2025,3,2,1,0
"BROOKLYN COMMUNITY BOARD #11",2014,3,2,1,0
"BROOKLYN COMMUNITY BOARD #11",2015,3,2,1,0
"BROOKLYN COMMUNITY BOARD #11",2016,3,2,1,0
"BROOKLYN COMMUNITY BOARD #11",2017,4,2,2,0
"BROOKLYN COMMUNITY BOARD #11",2018,3,2,1,0
"BROOKLYN COMMUNITY BOARD #11",2019,3,2,1,0
"BROOKLYN COMMUNITY BOARD #11",2020,2,1,1,0
"BROOKLYN COMMUNITY BOARD #11",2021,3,2,1,0
"BROOKLYN COMMUNITY BOARD #11",2022,3,2,1,0
"BROOKLYN COMMUNITY BOARD #11",2023,3,2,1,0
"BROOKLYN COMMUNITY BOARD #11",2024,3,2,1,0
"BROOKLYN COMMUNITY BOARD #11",2025,3,2,1,0
"BROOKLYN COMMUNITY BOARD #12",2014,3,3,0,0
"BROOKLYN COMMUNITY BOARD #12",2015,3,3,0,0
"BROOKLYN COMMUNITY BOARD #12",2016,3,3,0,0
"BROOKLYN COMMUNITY BOARD #12",2017,3,3,0,0
"BROOKLYN COMMUNITY BOARD #12",2018,2,2,0,0
"BROOKLYN COMMUNITY BOARD #12",2019,3,2,1,0
"BROOKLYN COMMUNITY BOARD #12",2020,3,2,1,0
"BROOKLYN COMMUNITY BOARD #12",2021,3,2,1,0
"BROOKLYN COMMUNITY BOARD #12",2022,2,1,1,0
"BROOKLYN COMMUNITY BOARD #12",2023,2,1,1,0
"BROOKLYN COMMUNITY BOARD #12",2024,3,2,1,0
"BROOKLYN COMMUNITY BOARD #12",2025,2,2,0,0
"BROOKLYN COMMUNITY BOARD #13",2014,3,2,1,0
"BROOKLYN COMMUNITY BOARD #13",2015,2,1,1,0
"BROOKLYN COMMUNITY BOARD #13",2016,3,2,1,0
"BROOKLYN COMMUNITY BOARD #13",2017,4,3,1,0
"BROOKLYN COMMUNITY BOARD #13",2018,4,3,1,0
"BROOKLYN COMMUNITY BOARD #13",2019,4,3,1,0
"BROOKLYN COMMUNITY BOARD #13",2020,4,3,1,0
"BROOKLYN COMMUNITY BOARD #13",2021,3,2,1,0
"BROOKLYN COMMUNITY BOARD #13",2022,3,2,1,0
"BROOKLYN COMMUNITY BOARD #13",2023,4,3,1,0
"BROOKLYN COMMUNITY BOARD #13",2024,4,4,0,0
"BROOKLYN COMMUNITY BOARD #13",2025,4,4,0,0
"BROOKLYN COMMUNITY BOARD #14",2014,3,2,1,0
"BROOKLYN COMMUNITY BOARD #14",2015,3,2,1,0
"BROOKLYN COMMUNITY BOARD #14",2016,3,2,1,0
"BROOKLYN COMMUNITY BOARD #14",2017,3,2,1,0
"BROOKLYN COMMUNITY BOARD #14",2018,3,2,1,0
"BROOKLYN COMMUNITY BOARD #14",2019,3,2,1,0
"BROOKLYN COMMUNITY BOARD #14",2020,2,1,1,0
"BROOKLYN COMMUNITY BOARD #14",2021,3,2,1,0
"BROOKLYN COMMUNITY BOARD #14",2022,3,2,1,0
"BROOKLYN COMMUNITY BOARD #14",2023,3,2,1,0
"BROOKLYN COMMUNITY BOARD #14",2024,3,2,1,0
"BROOKLYN COMMUNITY BOARD #14",2025,3,2,1,0
"BROOKLYN COMMUNITY BOARD #15",2014,3,3,0,0
"BROOKLYN COMMUNITY BOARD #15",2015,3,3,0,0
"BROOKLYN COMMUNITY BOARD #15",2016,3,3,0,0
"BROOKLYN COMMUNITY BOARD #15",2017,3,3,0,0
"BROOKLYN COMMUNITY BOARD #15",2018,3,3,0,0
"BROOKLYN COMMUNITY BOARD #15",2019,3,3,0,0
"BROOKLYN COMMUNITY BOARD #15",2020,4,3,1,0
"BROOKLYN COMMUNITY BOARD #15",2021,3,3,0,0
"BROOKLYN COMMUNITY BOARD #15",2022,2,2,0,0
"BROOKLYN COMMUNITY BOARD #15",2023,2,2,0,0
"BROOKLYN COMMUNITY BOARD #15",2024,1,1,0,0
"BROOKLYN COMMUNITY BOARD #15",2025,2,2,0,0
"BROOKLYN COMMUNITY BOARD #16",2014,2,2,0,0
"BROOKLYN COMMUNITY BOARD #16",2015,3,2,1,0
"BROOKLYN COMMUNITY BOARD #16",2016,3,2,1,0
"BROOKLYN COMMUNITY BOARD #16",2017,3,2,1,0
"BROOKLYN COMMUNITY BOARD #16",2018,3,2,1,0
"BROOKLYN COMMUNITY BOARD #16",2019,3,2,1,0
"BROOKLYN COMMUNITY BOARD #16",2020,3,2,1,0
"BROOKLYN COMMUNITY BOARD #16",2021,3,2,1,0
"BROOKLYN COMMUNITY BOARD #16",2022,3,2,1,0
"BROOKLYN COMMUNITY BOARD #16",2023,2,2,0,0
"BROOKLYN COMMUNITY BOARD #16",2024,2,2,0,0
"BROOKLYN COMMUNITY BOARD #16",2025,2,2,0,0
"BROOKLYN COMMUNITY BOARD #17",2014,4,4,0,0
"BROOKLYN COMMUNITY BOARD #17",2015,4,4,0,0
"BROOKLYN COMMUNITY BOARD #17",2016,4,4,0,0
"BROOKLYN COMMUNITY BOARD #17",2017,4,4,0,0
"BROOKLYN COMMUNITY BOARD #17",2018,4,4,0,0
"BROOKLYN COMMUNITY BOARD #17",2019,4,4,0,0
"BROOKLYN COMMUNITY BOARD #17",2020,3,3,0,0
"BROOKLYN COMMUNITY BOARD #17",2021,3,3,0,0
"BROOKLYN COMMUNITY BOARD #17",2022,3,3,0,0
"BROOKLYN COMMUNITY BOARD #17",2023,4,4,0,0
"BROOKLYN COMMUNITY BOARD #17",2024,3,2,1,0
"BROOKLYN COMMUNITY BOARD #17",2025,3,2,1,0
"BROOKLYN COMMUNITY BOARD #18",2014,3,3,0,0
"BROOKLYN COMMUNITY BOARD #18",2015,3,3,0,0
"BROOKLYN COMMUNITY BOARD #18",2016,3,3,0,0
"BROOKLYN COMMUNITY BOARD #18",2017,3,3,0,0
"BROOKLYN COMMUNITY BOARD #18",2018,3,3,0,0
"BROOKLYN COMMUNITY BOARD #18",2019,3,3,0,0
"BROOKLYN COMMUNITY BOARD #18",2020,3,3,0,0
"BROOKLYN COMMUNITY BOARD #18",2021,1,1,0,0
"BROOKLYN COMMUNITY BOARD #18",2022,3,3,0,0
"BROOKLYN COMMUNITY BOARD #18",2023,3,3,0,0
"BROOKLYN COMMUNITY BOARD #18",2024,3,3,0,0
"BROOKLYN COMMUNITY BOARD #18",2025,3,3,0,0
"BROOKLYN COMMUNITY BOARD #2",2014,2,2,0,0
"BROOKLYN COMMUNITY BOARD #2",2015,3,3,0,0
"BROOKLYN COMMUNITY BOARD #2",2016,3,3,0,0
"BROOKLYN COMMUNITY BOARD #2",2017,3,3,0,0
"BROOKLYN COMMUNITY BOARD #2",2018,3,2,1,0
"BROOKLYN COMMUNITY BOARD #2",2019,4,3,1,0
"BROOKLYN COMMUNITY BOARD #2",2020,4,3,1,0
"BROOKLYN COMMUNITY BOARD #2",2021,3,2,1,0
"BROOKLYN COMMUNITY BOARD #2",2022,1,1,0,0
"BROOKLYN COMMUNITY BOARD #2",2023,1,1,0,0
"BROOKLYN COMMUNITY BOARD #2",2024,3,3,0,0
"BROOKLYN COMMUNITY BOARD #2",2025,3,3,0,0
"BROOKLYN COMMUNITY BOARD #3",2014,3,3,0,0
"BROOKLYN COMMUNITY BOARD #3",2015,3,3,0,0
"BROOKLYN COMMUNITY BOARD #3",2016,3,3,0,0
"BROOKLYN COMMUNITY BOARD #3",2017,3,3,0,0
"BROOKLYN COMMUNITY BOARD #3",2018,3,3,0,0
"BROOKLYN COMMUNITY BOARD #3",2019,3,3,0,0
"BROOKLYN COMMUNITY BOARD #3",2020,3,3,0,0
"BROOKLYN COMMUNITY BOARD #3",2021,3,3,0,0
"BROOKLYN COMMUNITY BOARD #3",2022,2,2,0,0
"BROOKLYN COMMUNITY BOARD #3",2023,2,2,0,0
"BROOKLYN COMMUNITY BOARD #3",2024,2,2,0,0
"BROOKLYN COMMUNITY BOARD #3",2025,2,2,0,0
"BROOKLYN COMMUNITY BOARD #4",2014,3,3,0,0
"BROOKLYN COMMUNITY BOARD #4",2015,3,3,0,0
"BROOKLYN COMMUNITY BOARD #4",2016,3,3,0,0
"BROOKLYN COMMUNITY BOARD #4",2017,3,3,0,0
"BROOKLYN COMMUNITY BOARD #4",2018,3,3,0,0
"BROOKLYN COMMUNITY BOARD #4",2019,3,3,0,0
"BROOKLYN COMMUNITY BOARD #4",2020,3,3,0,0
"BROOKLYN COMMUNITY BOARD #4",2021,2,2,0,0
"BROOKLYN COMMUNITY BOARD #4",2022,3,3,0,0
"BROOKLYN COMMUNITY BOARD #4",2023,2,2,0,0
"BROOKLYN COMMUNITY BOARD #4",2024,3,2,1,0
"BROOKLYN COMMUNITY BOARD #4",2025,3,2,1,0
"BROOKLYN COMMUNITY BOARD #5",2014,3,2,1,0
"BROOKLYN COMMUNITY BOARD #5",2015,4,3,1,0
"BROOKLYN COMMUNITY BOARD #5",2016,2,1,1,0
"BROOKLYN COMMUNITY BOARD #5",2017,4,3,1,0
"BROOKLYN COMMUNITY BOARD #5",2018,4,3,1,0
"BROOKLYN COMMUNITY BOARD #5",2019,4,3,1,0
"BROOKLYN COMMUNITY BOARD #5",2020,4,3,1,0
"BROOKLYN COMMUNITY BOARD #5",2021,4,3,1,0
"BROOKLYN COMMUNITY BOARD #5",2022,4,3,1,0
"BROOKLYN COMMUNITY BOARD #5",2023,3,3,0,0
"BROOKLYN COMMUNITY BOARD #5",2024,3,3,0,0
"BROOKLYN COMMUNITY BOARD #5",2025,2,2,0,0
"BROOKLYN COMMUNITY BOARD #6",2014,3,3,0,0
"BROOKLYN COMMUNITY BOARD #6",2015,3,3,0,0
"BROOKLYN COMMUNITY BOARD #6",2016,3,3,0,0
"BROOKLYN COMMUNITY BOARD #6",2017,3,3,0,0
"BROOKLYN COMMUNITY BOARD #6",2018,3,3,0,0
"BROOKLYN COMMUNITY BOARD #6",2019,3,3,0,0
"BROOKLYN COMMUNITY BOARD #6",2020,3,3,0,0
"BROOKLYN COMMUNITY BOARD #6",2021,3,3,0,0
"BROOKLYN COMMUNITY BOARD #6",2022,3,3,0,0
"BROOKLYN COMMUNITY BOARD #6",2023,2,2,0,0
"BROOKLYN COMMUNITY BOARD #6",2024,3,2,1,0
"BROOKLYN COMMUNITY BOARD #6",2025,3,2,1,0
"BROOKLYN COMMUNITY BOARD #7",2014,3,3,0,0
"BROOKLYN COMMUNITY BOARD #7",2015,3,3,0,0
"BROOKLYN COMMUNITY BOARD #7",2016,3,3,0,0
"BROOKLYN COMMUNITY BOARD #7",2017,3,3,0,0
"BROOKLYN COMMUNITY BOARD #7",2018,3,3,0,0
"BROOKLYN COMMUNITY BOARD #7",2019,3,3,0,0
"BROOKLYN COMMUNITY BOARD #7",2020,3,3,0,0
"BROOKLYN COMMUNITY BOARD #7",2021,3,3,0,0
"BROOKLYN COMMUNITY BOARD #7",2022,3,3,0,0
"BROOKLYN COMMUNITY BOARD #7",2023,3,3,0,0
"BROOKLYN COMMUNITY BOARD #7",2024,3,3,0,0
"BROOKLYN COMMUNITY BOARD #7",2025,3,3,0,0
"BROOKLYN COMMUNITY BOARD #8",2014,3,3,0,0
"BROOKLYN COMMUNITY BOARD #8",2015,3,3,0,0
"BROOKLYN COMMUNITY BOARD #8",2016,3,3,0,0
"BROOKLYN COMMUNITY BOARD #8",2017,3,3,0,0
"BROOKLYN COMMUNITY BOARD #8",2018,3,3,0,0
"BROOKLYN COMMUNITY BOARD #8",2019,2,2,0,0
"BROOKLYN COMMUNITY BOARD #8",2020,2,2,0,0
"BROOKLYN COMMUNITY BOARD #8",2021,2,2,0,0
"BROOKLYN COMMUNITY BOARD #8",2022,2,2,0,0
"BROOKLYN COMMUNITY BOARD #8",2023,2,2,0,0
"BROOKLYN COMMUNITY BOARD #8",2024,3,2,1,0
"BROOKLYN COMMUNITY BOARD #8",2025,3,2,1,0
"BROOKLYN COMMUNITY BOARD #9",2014,2,2,0,0
"BROOKLYN COMMUNITY BOARD #9",2015,2,2,0,0
"BROOKLYN COMMUNITY BOARD #9",2016,1,0,1,0
"BROOKLYN COMMUNITY BOARD #9",2017,1,1,0,0
"BROOKLYN COMMUNITY BOARD #9",2018,3,2,1,0
"BROOKLYN COMMUNITY BOARD #9",2019,3,2,1,0
"BROOKLYN COMMUNITY BOARD #9",2020,2,2,0,0
"BROOKLYN COMMUNITY BOARD #9",2021,3,3,0,0
"BROOKLYN COMMUNITY BOARD #9",2022,3,3,0,0
"BROOKLYN COMMUNITY BOARD #9",2023,3,3,0,0
"BROOKLYN COMMUNITY BOARD #9",2024,3,3,0,0
"BROOKLYN COMMUNITY BOARD #9",2025,3,3,0,0
"BUSINESS INTEGRITY COMMISSION",2014,63,63,0,0
"BUSINESS INTEGRITY COMMISSION",2015,71,71,0,0
"BUSINESS INTEGRITY COMMISSION",2016,76,76,0,0
"BUSINESS INTEGRITY COMMISSION",2017,77,77,0,0
"BUSINESS INTEGRITY COMMISSION",2018,82,80,2,0
"BUSINESS INTEGRITY COMMISSION",2019,78,76,2,0
"BUSINESS INTEGRITY COMMISSION",2020,82,80,2,0
"BUSINESS INTEGRITY COMMISSION",2021,80,78,2,0
"BUSINESS INTEGRITY COMMISSION",2022,71,70,1,0
"BUSINESS INTEGRITY COMMISSION",2023,70,68,2,0
"BUSINESS INTEGRITY COMMISSION",2024,66,64,2,0
"BUSINESS INTEGRITY COMMISSION",2025,64,62,2,0
"CAMPAIGN FINANCE BOARD",2014,91,80,11,0
"CAMPAIGN FINANCE BOARD",2015,91,85,6,0
"CAMPAIGN FINANCE BOARD",2016,92,87,5,0
"CAMPAIGN FINANCE BOARD",2017,111,87,24,0
"CAMPAIGN FINANCE BOARD",2018,119,99,20,0
"CAMPAIGN FINANCE BOARD",2019,116,100,16,0
"CAMPAIGN FINANCE BOARD",2020,114,108,6,0
"CAMPAIGN FINANCE BOARD",2021,112,108,4,0
"CAMPAIGN FINANCE BOARD",2022,116,115,1,0
"CAMPAIGN FINANCE BOARD",2023,141,138,3,0
"CAMPAIGN FINANCE BOARD",2024,157,156,1,0
"CAMPAIGN FINANCE BOARD",2025,175,172,3,0
"CITY CLERK",2014,67,56,11,0
"CITY CLERK",2015,73,64,9,0
"CITY CLERK",2016,70,63,7,0
"CITY CLERK",2017,76,68,8,0
"CITY CLERK",2018,72,62,10,0
"CITY CLERK",2019,76,67,9,0
"CITY CLERK",2020,68,62,6,0
"CITY CLERK",2021,63,60,3,0
"CITY CLERK",2022,63,57,6,0
"CITY CLERK",2023,62,57,5,0
"CITY CLERK",2024,59,59,0,0
"CITY CLERK",2025,55,55,0,0
"CITY COUNCIL",2014,706,272,84,0
"CITY COUNCIL",2015,738,311,75,0
"CITY COUNCIL",2016,706,316,22,0
"CITY COUNCIL",2017,723,313,27,0
"CITY COUNCIL",2018,769,340,19,0
"CITY COUNCIL",2019,856,417,29,0
"CITY COUNCIL",2020,819,408,13,0
"CITY COUNCIL",2021,741,380,12,0
"CITY COUNCIL",2022,681,348,5,0
"CITY COUNCIL",2023,781,413,5,0
"CITY COUNCIL",2024,828,453,14,0
"CITY COUNCIL",2025,877,785,18,0
"CIVIL SERVICE COMMISSION",2014,9,6,3,0
"CIVIL SERVICE COMMISSION",2015,11,7,4,0
"CIVIL SERVICE COMMISSION",2016,10,7,3,0
"CIVIL SERVICE COMMISSION",2017,13,8,5,0
"CIVIL SERVICE COMMISSION",2018,12,8,4,0
"CIVIL SERVICE COMMISSION",2019,12,8,4,0
"CIVIL SERVICE COMMISSION",2020,12,8,4,0
"CIVIL SERVICE COMMISSION",2021,12,8,4,0
"CIVIL SERVICE COMMISSION",2022,12,8,4,0
"CIVIL SERVICE COMMISSION",2023,10,6,4,0
"CIVIL SERVICE COMMISSION",2024,11,7,4,0
"CIVIL SERVICE COMMISSION",2025,11,7,4,0
"CIVILIAN COMPLAINT REVIEW BD",2014,167,151,16,0
"CIVILIAN COMPLAINT REVIEW BD",2015,155,141,14,0
"CIVILIAN COMPLAINT REVIEW BD",2016,157,146,11,0
"CIVILIAN COMPLAINT REVIEW BD",2017,177,158,19,0
"CIVILIAN COMPLAINT REVIEW BD",2018,190,172,18,0
"CIVILIAN COMPLAINT REVIEW BD",2019,188,168,20,0
"CIVILIAN COMPLAINT REVIEW BD",2020,213,191,22,0
"CIVILIAN COMPLAINT REVIEW BD",2021,201,181,20,0
"CIVILIAN COMPLAINT REVIEW BD",2022,215,198,17,0
"CIVILIAN COMPLAINT REVIEW BD",2023,231,210,21,0
"CIVILIAN COMPLAINT REVIEW BD",2024,241,220,21,0
"CIVILIAN COMPLAINT REVIEW BD",2025,243,230,13,0
"COMMISSION ON RACIAL EQUITY",2024,6,6,0,0
"COMMISSION ON RACIAL EQUITY",2025,21,13,8,0
"COMMUNITY COLLEGE (BRONX)",2014,2169,802,1309,58
"COMMUNITY COLLEGE (BRONX)",2015,2165,796,1314,55
"COMMUNITY COLLEGE (BRONX)",2016,2221,828,1338,55
"COMMUNITY COLLEGE (BRONX)",2017,2927,862,2008,57
"COMMUNITY COLLEGE (BRONX)",2018,2353,888,1278,187
"COMMUNITY COLLEGE (BRONX)",2019,2111,849,1098,164
"COMMUNITY COLLEGE (BRONX)",2020,1775,810,815,150
"COMMUNITY COLLEGE (BRONX)",2021,1346,781,416,149
"COMMUNITY COLLEGE (BRONX)",2022,1217,726,328,163
"COMMUNITY COLLEGE (BRONX)",2023,1255,711,398,146
"COMMUNITY COLLEGE (BRONX)",2024,1195,682,365,148
"COMMUNITY COLLEGE (BRONX)",2025,1363,709,518,136
"COMMUNITY COLLEGE (HOSTOS)",2014,1416,549,685,182
"COMMUNITY COLLEGE (HOSTOS)",2015,1360,557,663,140
"COMMUNITY COLLEGE (HOSTOS)",2016,1442,572,730,140
"COMMUNITY COLLEGE (HOSTOS)",2017,1809,592,1092,125
"COMMUNITY COLLEGE (HOSTOS)",2018,1502,603,784,115
"COMMUNITY COLLEGE (HOSTOS)",2019,1520,599,792,129
"COMMUNITY COLLEGE (HOSTOS)",2020,1466,599,758,109
"COMMUNITY COLLEGE (HOSTOS)",2021,1282,564,628,90
"COMMUNITY COLLEGE (HOSTOS)",2022,986,550,327,109
"COMMUNITY COLLEGE (HOSTOS)",2023,1017,524,385,108
"COMMUNITY COLLEGE (HOSTOS)",2024,1019,518,383,118
"COMMUNITY COLLEGE (HOSTOS)",2025,1045,530,423,92
"COMMUNITY COLLEGE (KINGSBORO)",2014,3399,880,1708,811
"COMMUNITY COLLEGE (KINGSBORO)",2015,3294,891,1995,408
"COMMUNITY COLLEGE (KINGSBORO)",2016,3120,886,1873,361
"COMMUNITY COLLEGE (KINGSBORO)",2017,4324,867,2934,523
"COMMUNITY COLLEGE (KINGSBORO)",2018,2825,861,1677,287
"COMMUNITY COLLEGE (KINGSBORO)",2019,2728,862,1571,295
"COMMUNITY COLLEGE (KINGSBORO)",2020,2303,858,1156,289
"COMMUNITY COLLEGE (KINGSBORO)",2021,1793,827,689,277
"COMMUNITY COLLEGE (KINGSBORO)",2022,1853,814,769,270
"COMMUNITY COLLEGE (KINGSBORO)",2023,1844,791,791,262
"COMMUNITY COLLEGE (KINGSBORO)",2024,1978,785,916,277
"COMMUNITY COLLEGE (KINGSBORO)",2025,1952,774,920,258
"COMMUNITY COLLEGE (LAGUARDIA)",2014,3548,950,2598,0
"COMMUNITY COLLEGE (LAGUARDIA)",2015,3711,1018,2693,0
"COMMUNITY COLLEGE (LAGUARDIA)",2016,3783,1089,2694,0
"COMMUNITY COLLEGE (LAGUARDIA)",2017,5442,1156,4286,0
"COMMUNITY COLLEGE (LAGUARDIA)",2018,3765,1125,2640,0
"COMMUNITY COLLEGE (LAGUARDIA)",2019,3782,1102,2680,0
"COMMUNITY COLLEGE (LAGUARDIA)",2020,3253,1075,2058,120
"COMMUNITY COLLEGE (LAGUARDIA)",2021,2371,1047,943,381
"COMMUNITY COLLEGE (LAGUARDIA)",2022,2367,996,1055,316
"COMMUNITY COLLEGE (LAGUARDIA)",2023,2312,978,1025,309
"COMMUNITY COLLEGE (LAGUARDIA)",2024,2328,990,996,342
"COMMUNITY COLLEGE (LAGUARDIA)",2025,2486,1001,1101,384
"COMMUNITY COLLEGE (MANHATTAN)",2014,3164,1174,1456,534
"COMMUNITY COLLEGE (MANHATTAN)",2015,3217,1221,1615,381
"COMMUNITY COLLEGE (MANHATTAN)",2016,3306,1230,1669,407
"COMMUNITY COLLEGE (MANHATTAN)",2017,4932,1307,2918,707
"COMMUNITY COLLEGE (MANHATTAN)",2018,3642,1343,1917,382
"COMMUNITY COLLEGE (MANHATTAN)",2019,3629,1360,1815,454
"COMMUNITY COLLEGE (MANHATTAN)",2020,3443,1348,1738,357
"COMMUNITY COLLEGE (MANHATTAN)",2021,3028,1303,1392,333
"COMMUNITY COLLEGE (MANHATTAN)",2022,2607,1269,1015,323
"COMMUNITY COLLEGE (MANHATTAN)",2023,2549,1260,988,301
"COMMUNITY COLLEGE (MANHATTAN)",2024,2273,1218,944,111
"COMMUNITY COLLEGE (MANHATTAN)",2025,2647,1196,1188,263
"COMMUNITY COLLEGE (QUEENSBORO)",2014,2519,841,1298,380
"COMMUNITY COLLEGE (QUEENSBORO)",2015,2389,884,1163,342
"COMMUNITY COLLEGE (QUEENSBORO)",2016,2449,921,1312,216
"COMMUNITY COLLEGE (QUEENSBORO)",2017,3008,963,1546,499
"COMMUNITY COLLEGE (QUEENSBORO)",2018,2456,967,1309,180
"COMMUNITY COLLEGE (QUEENSBORO)",2019,2369,977,1175,217
"COMMUNITY COLLEGE (QUEENSBORO)",2020,2145,940,1017,188
"COMMUNITY COLLEGE (QUEENSBORO)",2021,1706,902,619,185
"COMMUNITY COLLEGE (QUEENSBORO)",2022,1624,880,589,155
"COMMUNITY COLLEGE (QUEENSBORO)",2023,1684,855,677,152
"COMMUNITY COLLEGE (QUEENSBORO)",2024,1544,832,532,180
"COMMUNITY COLLEGE (QUEENSBORO)",2025,1604,825,643,136
"CONFLICTS OF INTEREST BOARD",2014,20,20,0,0
"CONFLICTS OF INTEREST BOARD",2015,21,21,0,0
"CONFLICTS OF INTEREST BOARD",2016,21,21,0,0
"CONFLICTS OF INTEREST BOARD",2017,23,23,0,0
"CONFLICTS OF INTEREST BOARD",2018,26,26,0,0
"CONFLICTS OF INTEREST BOARD",2019,25,25,0,0
"CONFLICTS OF INTEREST BOARD",2020,25,25,0,0
"CONFLICTS OF INTEREST BOARD",2021,23,23,0,0
"CONFLICTS OF INTEREST BOARD",2022,24,24,0,0
"CONFLICTS OF INTEREST BOARD",2023,23,23,0,0
"CONFLICTS OF INTEREST BOARD",2024,22,22,0,0
"CONFLICTS OF INTEREST BOARD",2025,21,21,0,0
"CONSUMER AFFAIRS",2014,374,337,37,0
"CONSUMER AFFAIRS",2015,359,359,0,0
"CONSUMER AFFAIRS",2016,352,352,0,0
"CONSUMER AFFAIRS",2017,392,391,1,0
"CONSUMER AFFAIRS",2018,392,391,1,0
"CONSUMER AFFAIRS",2019,403,403,0,0
"CONSUMER AFFAIRS",2020,389,388,1,0
"CONSUMER AFFAIRS",2021,361,361,0,0
"CONSUMER AND WORKER PROTECTION",2022,402,395,7,0
"CONSUMER AND WORKER PROTECTION",2023,416,411,5,0
"CONSUMER AND WORKER PROTECTION",2024,401,398,3,0
"CONSUMER AND WORKER PROTECTION",2025,404,401,3,0
"CULTURAL AFFAIRS",2014,59,43,16,0
"CULTURAL AFFAIRS",2015,62,46,16,0
"CULTURAL AFFAIRS",2016,63,47,16,0
"CULTURAL AFFAIRS",2017,66,51,15,0
"CULTURAL AFFAIRS",2018,63,50,13,0
"CULTURAL AFFAIRS",2019,64,52,12,0
"CULTURAL AFFAIRS",2020,67,51,16,0
"CULTURAL AFFAIRS",2021,67,51,16,0
"CULTURAL AFFAIRS",2022,57,44,13,0
"CULTURAL AFFAIRS",2023,66,52,14,0
"CULTURAL AFFAIRS",2024,66,50,16,0
"CULTURAL AFFAIRS",2025,69,50,19,0
"CUNY CENTRAL OFFICE",2016,12,12,0,0
"CUNY CENTRAL OFFICE",2017,21,19,2,0
"CUNY CENTRAL OFFICE",2018,31,28,3,0
"CUNY CENTRAL OFFICE",2019,103,84,19,0
"CUNY CENTRAL OFFICE",2020,120,93,27,0
"CUNY CENTRAL OFFICE",2021,109,94,15,0
"CUNY CENTRAL OFFICE",2022,94,80,14,0
"CUNY CENTRAL OFFICE",2023,103,85,18,0
"CUNY CENTRAL OFFICE",2024,161,80,81,0
"CUNY CENTRAL OFFICE",2025,161,76,85,0
"DEPARTMENT FOR THE AGING",2014,916,275,641,0
"DEPARTMENT FOR THE AGING",2015,890,270,620,0
"DEPARTMENT FOR THE AGING",2016,954,272,682,0
"DEPARTMENT FOR THE AGING",2017,1022,293,729,0
"DEPARTMENT FOR THE AGING",2018,979,295,684,0
"DEPARTMENT FOR THE AGING",2019,900,299,601,0
"DEPARTMENT FOR THE AGING",2020,887,314,573,0
"DEPARTMENT FOR THE AGING",2021,808,302,506,0
"DEPARTMENT FOR THE AGING",2022,490,276,214,0
"DEPARTMENT FOR THE AGING",2023,307,286,21,0
"DEPARTMENT FOR THE AGING",2024,329,304,25,0
"DEPARTMENT FOR THE AGING",2025,331,305,26,0
"DEPARTMENT OF BUILDINGS",2014,1070,1025,45,0
"DEPARTMENT OF BUILDINGS",2015,1149,1082,67,0
"DEPARTMENT OF BUILDINGS",2016,1344,1284,60,0
"DEPARTMENT OF BUILDINGS",2017,1567,1488,79,0
"DEPARTMENT OF BUILDINGS",2018,1615,1531,84,0
"DEPARTMENT OF BUILDINGS",2019,1666,1596,70,0
"DEPARTMENT OF BUILDINGS",2020,1751,1670,81,0
"DEPARTMENT OF BUILDINGS",2021,1679,1626,53,0
"DEPARTMENT OF BUILDINGS",2022,1554,1516,38,0
"DEPARTMENT OF BUILDINGS",2023,1572,1536,35,1
"DEPARTMENT OF BUILDINGS",2024,1560,1516,43,1
"DEPARTMENT OF BUILDINGS",2025,1599,1551,47,1
"DEPARTMENT OF BUSINESS SERV.",2014,256,212,42,0
"DEPARTMENT OF BUSINESS SERV.",2015,249,211,38,0
"DEPARTMENT OF BUSINESS SERV.",2016,285,236,49,0
"DEPARTMENT OF BUSINESS SERV.",2017,324,263,61,0
"DEPARTMENT OF BUSINESS SERV.",2018,307,254,53,0
"DEPARTMENT OF BUSINESS SERV.",2019,304,282,22,0
"DEPARTMENT OF BUSINESS SERV.",2020,308,289,19,0
"DEPARTMENT OF BUSINESS SERV.",2021,279,265,14,0
"DEPARTMENT OF BUSINESS SERV.",2022,253,244,9,0
"DEPARTMENT OF BUSINESS SERV.",2023,263,244,19,0
"DEPARTMENT OF BUSINESS SERV.",2024,320,299,21,0
"DEPARTMENT OF BUSINESS SERV.",2025,314,289,25,0
"DEPARTMENT OF CITY PLANNING",2014,257,230,16,0
"DEPARTMENT OF CITY PLANNING",2015,275,247,16,0
"DEPARTMENT OF CITY PLANNING",2016,288,260,16,0
"DEPARTMENT OF CITY PLANNING",2017,338,288,38,0
"DEPARTMENT OF CITY PLANNING",2018,356,295,50,0
"DEPARTMENT OF CITY PLANNING",2019,346,303,31,0
"DEPARTMENT OF CITY PLANNING",2020,316,300,4,0
"DEPARTMENT OF CITY PLANNING",2021,288,275,2,0
"DEPARTMENT OF CITY PLANNING",2022,299,261,29,0
"DEPARTMENT OF CITY PLANNING",2023,324,288,24,0
"DEPARTMENT OF CITY PLANNING",2024,320,292,17,0
"DEPARTMENT OF CITY PLANNING",2025,334,305,17,0
"DEPARTMENT OF CORRECTION",2014,10181,9777,60,344
"DEPARTMENT OF CORRECTION",2015,10069,9616,113,340
"DEPARTMENT OF CORRECTION",2016,10584,10155,95,334
"DEPARTMENT OF CORRECTION",2017,12530,12031,145,354
"DEPARTMENT OF CORRECTION",2018,12431,11893,177,361
"DEPARTMENT OF CORRECTION",2019,11940,11424,187,329
"DEPARTMENT OF CORRECTION",2020,10823,10404,92,327
"DEPARTMENT OF CORRECTION",2021,9750,9372,76,302
"DEPARTMENT OF CORRECTION",2022,8287,7914,92,281
"DEPARTMENT OF CORRECTION",2023,7685,7297,83,305
"DEPARTMENT OF CORRECTION",2024,7280,6892,90,298
"DEPARTMENT OF CORRECTION",2025,7200,6797,115,288
"DEPARTMENT OF EDUCATION ADMIN",2014,12472,9802,1096,427
"DEPARTMENT OF EDUCATION ADMIN",2015,12878,10104,1227,424
"DEPARTMENT OF EDUCATION ADMIN",2016,13697,10710,1472,408
"DEPARTMENT OF EDUCATION ADMIN",2017,14039,11040,1492,412
"DEPARTMENT OF EDUCATION ADMIN",2018,14466,11321,1622,420
"DEPARTMENT OF EDUCATION ADMIN",2019,14821,11689,1622,403
"DEPARTMENT OF EDUCATION ADMIN",2020,13716,12133,105,393
"DEPARTMENT OF EDUCATION ADMIN",2021,15583,11732,2419,378
"DEPARTMENT OF EDUCATION ADMIN",2022,15002,11388,2317,328
"DEPARTMENT OF EDUCATION ADMIN",2023,14407,11474,1660,308
"DEPARTMENT OF EDUCATION ADMIN",2024,14705,11685,1739,302
"DEPARTMENT OF EDUCATION ADMIN",2025,15373,12178,1869,282
"DEPARTMENT OF FINANCE",2014,1892,1766,111,15
"DEPARTMENT OF FINANCE",2015,1951,1827,108,14
"DEPARTMENT OF FINANCE",2016,1967,1834,119,14
"DEPARTMENT OF FINANCE",2017,2066,1901,150,14
"DEPARTMENT OF FINANCE",2018,2029,1857,153,13
"DEPARTMENT OF FINANCE",2019,2091,1921,152,13
"DEPARTMENT OF FINANCE",2020,2118,1969,129,13
"DEPARTMENT OF FINANCE",2021,1990,1878,98,13
"DEPARTMENT OF FINANCE",2022,1765,1641,112,12
"DEPARTMENT OF FINANCE",2023,1728,1612,103,13
"DEPARTMENT OF FINANCE",2024,1747,1630,104,13
"DEPARTMENT OF FINANCE",2025,1816,1690,113,13
"DEPARTMENT OF INVESTIGATION",2014,206,203,3,0
"DEPARTMENT OF INVESTIGATION",2015,253,250,3,0
"DEPARTMENT OF INVESTIGATION",2016,311,309,2,0
"DEPARTMENT OF INVESTIGATION",2017,348,345,3,0
"DEPARTMENT OF INVESTIGATION",2018,364,362,2,0
"DEPARTMENT OF INVESTIGATION",2019,355,353,2,0
"DEPARTMENT OF INVESTIGATION",2020,360,358,2,0
"DEPARTMENT OF INVESTIGATION",2021,328,326,2,0
"DEPARTMENT OF INVESTIGATION",2022,282,281,1,0
"DEPARTMENT OF INVESTIGATION",2023,271,269,2,0
"DEPARTMENT OF INVESTIGATION",2024,271,266,5,0
"DEPARTMENT OF INVESTIGATION",2025,256,253,3,0
"DEPARTMENT OF PROBATION",2014,958,949,9,0
"DEPARTMENT OF PROBATION",2015,944,932,12,0
"DEPARTMENT OF PROBATION",2016,929,911,17,1
"DEPARTMENT OF PROBATION",2017,973,956,16,1
"DEPARTMENT OF PROBATION",2018,1056,1021,34,1
"DEPARTMENT OF PROBATION",2019,1149,1136,12,1
"DEPARTMENT OF PROBATION",2020,1113,1102,9,2
"DEPARTMENT OF PROBATION",2021,1051,1041,8,2
"DEPARTMENT OF PROBATION",2022,950,937,11,2
"DEPARTMENT OF PROBATION",2023,1009,980,26,2
"DEPARTMENT OF PROBATION",2024,869,847,18,4
"DEPARTMENT OF PROBATION",2025,866,836,22,8
"DEPARTMENT OF SANITATION",2014,9084,8300,124,656
"DEPARTMENT OF SANITATION",2015,9440,8574,139,723
"DEPARTMENT OF SANITATION",2016,14789,8758,5289,738
"DEPARTMENT OF SANITATION",2017,10016,8883,398,731
"DEPARTMENT OF SANITATION",2018,10077,8851,467,756
"DEPARTMENT OF SANITATION",2019,10385,9161,443,777
"DEPARTMENT OF SANITATION",2020,9861,8984,108,765
"DEPARTMENT OF SANITATION",2021,10647,8426,1489,728
"DEPARTMENT OF SANITATION",2022,9816,8757,339,716
"DEPARTMENT OF SANITATION",2023,10008,9101,202,701
"DEPARTMENT OF SANITATION",2024,9956,9066,187,699
"DEPARTMENT OF SANITATION",2025,9836,8957,191,684
"DEPARTMENT OF TRANSPORTATION",2014,4745,3260,392,1093
"DEPARTMENT OF TRANSPORTATION",2015,4809,3263,418,1128
"DEPARTMENT OF TRANSPORTATION",2016,5251,3382,695,1174
"DEPARTMENT OF TRANSPORTATION",2017,5485,3550,769,1166
"DEPARTMENT OF TRANSPORTATION",2018,5539,3627,755,1157
"DEPARTMENT OF TRANSPORTATION",2019,5684,3715,814,1155
"DEPARTMENT OF TRANSPORTATION",2020,5793,3868,725,1200
"DEPARTMENT OF TRANSPORTATION",2021,5587,3889,548,1150
"DEPARTMENT OF TRANSPORTATION",2022,5473,3684,680,1109
"DEPARTMENT OF TRANSPORTATION",2023,5734,3803,753,1178
"DEPARTMENT OF TRANSPORTATION",2024,5955,3903,775,1277
"DEPARTMENT OF TRANSPORTATION",2025,5915,3868,737,1310
"DEPT OF CITYWIDE ADMIN SVCS",2014,1977,1489,123,363
"DEPT OF CITYWIDE ADMIN SVCS",2015,1993,1517,120,354
"DEPT OF CITYWIDE ADMIN SVCS",2016,2153,1682,78,391
"DEPT OF CITYWIDE ADMIN SVCS",2017,2309,1786,124,397
"DEPT OF CITYWIDE ADMIN SVCS",2018,2409,1874,127,404
"DEPT OF CITYWIDE ADMIN SVCS",2019,2450,1938,108,403
"DEPT OF CITYWIDE ADMIN SVCS",2020,2484,1989,98,395
"DEPT OF CITYWIDE ADMIN SVCS",2021,2245,1839,48,357
"DEPT OF CITYWIDE ADMIN SVCS",2022,2063,1645,70,347
"DEPT OF CITYWIDE ADMIN SVCS",2023,2086,1661,92,333
"DEPT OF CITYWIDE ADMIN SVCS",2024,2100,1661,107,331
"DEPT OF CITYWIDE ADMIN SVCS",2025,2117,1690,103,324
"DEPT OF ED HRLY SUPPORT STAFF",2014,20534,0,20534,0
"DEPT OF ED HRLY SUPPORT STAFF",2015,22326,0,22326,0
"DEPT OF ED HRLY SUPPORT STAFF",2016,19098,0,19098,0
"DEPT OF ED HRLY SUPPORT STAFF",2017,19104,0,19104,0
"DEPT OF ED HRLY SUPPORT STAFF",2018,19236,0,19236,0
"DEPT OF ED HRLY SUPPORT STAFF",2019,19032,0,19032,0
"DEPT OF ED HRLY SUPPORT STAFF",2020,17457,0,17457,0
"DEPT OF ED HRLY SUPPORT STAFF",2021,15684,0,15684,0
"DEPT OF ED HRLY SUPPORT STAFF",2022,17856,0,17856,0
"DEPT OF ED HRLY SUPPORT STAFF",2023,19459,0,19459,0
"DEPT OF ED HRLY SUPPORT STAFF",2024,18471,0,18471,0
"DEPT OF ED HRLY SUPPORT STAFF",2025,18641,0,18641,0
"DEPT OF ED PARA PROFESSIONALS",2014,25437,20544,28,4865
"DEPT OF ED PARA PROFESSIONALS",2015,27795,22033,29,5733
"DEPT OF ED PARA PROFESSIONALS",2016,29959,23869,35,6055
"DEPT OF ED PARA PROFESSIONALS",2017,31700,24903,40,6757
"DEPT OF ED PARA PROFESSIONALS",2018,33001,25127,54,7820
"DEPT OF ED PARA PROFESSIONALS",2019,33823,25397,73,8353
"DEPT OF ED PARA PROFESSIONALS",2020,33735,25701,69,7965
"DEPT OF ED PARA PROFESSIONALS",2021,31761,25142,12,6607
"DEPT OF ED PARA PROFESSIONALS",2022,35558,23366,13,12179
"DEPT OF ED PARA PROFESSIONALS",2023,34043,23636,1,10406
"DEPT OF ED PARA PROFESSIONALS",2024,36503,24286,10,12207
"DEPT OF ED PARA PROFESSIONALS",2025,38664,24994,13,13657
"DEPT OF ED PEDAGOGICAL",2014,87176,87176,0,0
"DEPT OF ED PEDAGOGICAL",2015,89681,89681,0,0
"DEPT OF ED PEDAGOGICAL",2016,91613,91613,0,0
"DEPT OF ED PEDAGOGICAL",2017,93356,93356,0,0
"DEPT OF ED PEDAGOGICAL",2018,94686,94686,0,0
"DEPT OF ED PEDAGOGICAL",2019,94969,94969,0,0
"DEPT OF ED PEDAGOGICAL",2020,95470,95470,0,0
"DEPT OF ED PEDAGOGICAL",2021,94087,94087,0,0
"DEPT OF ED PEDAGOGICAL",2022,93986,93986,0,0
"DEPT OF ED PEDAGOGICAL",2023,93524,93524,0,0
"DEPT OF ED PEDAGOGICAL",2024,94281,94281,0,0
"DEPT OF ED PEDAGOGICAL",2025,96161,96161,0,0
"DEPT OF ED PER DIEM TEACHERS",2014,13574,0,0,13574
"DEPT OF ED PER DIEM TEACHERS",2015,13511,0,0,13511
"DEPT OF ED PER DIEM TEACHERS",2016,11965,0,0,11965
"DEPT OF ED PER DIEM TEACHERS",2017,11720,0,0,11720
"DEPT OF ED PER DIEM TEACHERS",2018,12210,0,0,12210
"DEPT OF ED PER DIEM TEACHERS",2019,11771,0,0,11771
"DEPT OF ED PER DIEM TEACHERS",2020,11221,0,0,11221
"DEPT OF ED PER DIEM TEACHERS",2021,12028,0,0,12028
"DEPT OF ED PER DIEM TEACHERS",2022,16649,0,0,16649
"DEPT OF ED PER DIEM TEACHERS",2023,14883,0,0,14883
"DEPT OF ED PER DIEM TEACHERS",2024,15524,0,0,15524
"DEPT OF ED PER DIEM TEACHERS",2025,16311,0,0,16311
"DEPT OF ED PER SESSION TEACHER",2014,75495,0,0,75495
"DEPT OF ED PER SESSION TEACHER",2015,78437,0,0,78437
"DEPT OF ED PER SESSION TEACHER",2016,74247,0,0,74247
"DEPT OF ED PER SESSION TEACHER",2017,75910,0,0,75910
"DEPT OF ED PER SESSION TEACHER",2018,77089,0,0,77089
"DEPT OF ED PER SESSION TEACHER",2019,82332,0,0,82332
"DEPT OF ED PER SESSION TEACHER",2020,80997,0,0,80997
"DEPT OF ED PER SESSION TEACHER",2021,70801,0,0,70801
"DEPT OF ED PER SESSION TEACHER",2022,90188,0,0,90188
"DEPT OF ED PER SESSION TEACHER",2023,82058,0,0,82058
"DEPT OF ED PER SESSION TEACHER",2024,84444,0,0,84444
"DEPT OF ED PER SESSION TEACHER",2025,81299,0,0,81299
"DEPT OF ENVIRONMENT PROTECTION",2014,5641,3887,166,1582
"DEPT OF ENVIRONMENT PROTECTION",2015,5662,3934,183,1538
"DEPT OF ENVIRONMENT PROTECTION",2016,5791,4054,167,1560
"DEPT OF ENVIRONMENT PROTECTION",2017,5979,4120,290,1559
"DEPT OF ENVIRONMENT PROTECTION",2018,6079,4185,303,1583
"DEPT OF ENVIRONMENT PROTECTION",2019,6156,4198,314,1638
"DEPT OF ENVIRONMENT PROTECTION",2020,6107,4200,252,1645
"DEPT OF ENVIRONMENT PROTECTION",2021,5828,4001,232,1587
"DEPT OF ENVIRONMENT PROTECTION",2022,5590,3769,318,1497
"DEPT OF ENVIRONMENT PROTECTION",2023,5750,3912,343,1491
"DEPT OF ENVIRONMENT PROTECTION",2024,5764,3938,299,1523
"DEPT OF ENVIRONMENT PROTECTION",2025,5767,3905,304,1555
"DEPT OF HEALTH/MENTAL HYGIENE",2014,5539,4180,1308,51
"DEPT OF HEALTH/MENTAL HYGIENE",2015,5595,4233,1304,58
"DEPT OF HEALTH/MENTAL HYGIENE",2016,5822,4381,1381,60
"DEPT OF HEALTH/MENTAL HYGIENE",2017,6566,5058,1441,67
"DEPT OF HEALTH/MENTAL HYGIENE",2018,6918,5326,1521,71
"DEPT OF HEALTH/MENTAL HYGIENE",2019,6977,5378,1533,66
"DEPT OF HEALTH/MENTAL HYGIENE",2020,7062,5439,1562,61
"DEPT OF HEALTH/MENTAL HYGIENE",2021,6700,5195,1450,55
"DEPT OF HEALTH/MENTAL HYGIENE",2022,6185,4878,1250,57
"DEPT OF HEALTH/MENTAL HYGIENE",2023,6284,5078,1144,62
"DEPT OF HEALTH/MENTAL HYGIENE",2024,6343,5238,1052,53
"DEPT OF HEALTH/MENTAL HYGIENE",2025,6374,5316,1001,57
"DEPT OF INFO TECH & TELECOMM",2014,1144,1112,32,0
"DEPT OF INFO TECH & TELECOMM",2015,1233,1223,10,0
"DEPT OF INFO TECH & TELECOMM",2016,1374,1364,10,0
"DEPT OF INFO TECH & TELECOMM",2017,1486,1473,13,0
"DEPT OF INFO TECH & TELECOMM",2018,1515,1486,29,0
"DEPT OF INFO TECH & TELECOMM",2019,1558,1533,25,0
"DEPT OF INFO TECH & TELECOMM",2020,1689,1667,22,0
"DEPT OF INFO TECH & TELECOMM",2021,1633,1624,9,0
"DEPT OF INFO TECH & TELECOMM",2022,1564,1517,47,0
"DEPT OF PARKS & RECREATION",2014,8540,3334,4942,264
"DEPT OF PARKS & RECREATION",2015,9187,3528,5387,272
"DEPT OF PARKS & RECREATION",2016,9591,3719,5593,279
"DEPT OF PARKS & RECREATION",2017,9814,3773,5743,298
"DEPT OF PARKS & RECREATION",2018,10266,3773,6199,294
"DEPT OF PARKS & RECREATION",2019,9587,3719,5561,300
"DEPT OF PARKS & RECREATION",2020,8188,3884,3987,312
"DEPT OF PARKS & RECREATION",2021,8164,3638,4206,311
"DEPT OF PARKS & RECREATION",2022,8279,3363,4583,322
"DEPT OF PARKS & RECREATION",2023,8458,3983,4101,359
"DEPT OF PARKS & RECREATION",2024,8353,3875,4124,342
"DEPT OF PARKS & RECREATION",2025,8525,4176,3989,351
"DEPT OF RECORDS & INFO SERVICE",2014,51,38,13,0
"DEPT OF RECORDS & INFO SERVICE",2015,51,42,9,0
"DEPT OF RECORDS & INFO SERVICE",2016,66,45,21,0
"DEPT OF RECORDS & INFO SERVICE",2017,67,46,21,0
"DEPT OF RECORDS & INFO SERVICE",2018,73,60,13,0
"DEPT OF RECORDS & INFO SERVICE",2019,70,58,12,0
"DEPT OF RECORDS & INFO SERVICE",2020,76,58,18,0
"DEPT OF RECORDS & INFO SERVICE",2021,60,51,9,0
"DEPT OF RECORDS & INFO SERVICE",2022,61,52,9,0
"DEPT OF RECORDS & INFO SERVICE",2023,60,48,12,0
"DEPT OF RECORDS & INFO SERVICE",2024,61,48,13,0
"DEPT OF RECORDS & INFO SERVICE",2025,61,49,12,0
"DEPT OF YOUTH & COMM DEV SRVS",2014,417,376,39,0
"DEPT OF YOUTH & COMM DEV SRVS",2015,489,445,42,0
"DEPT OF YOUTH & COMM DEV SRVS",2016,511,472,38,0
"DEPT OF YOUTH & COMM DEV SRVS",2017,535,482,49,0
"DEPT OF YOUTH & COMM DEV SRVS",2018,532,478,49,0
"DEPT OF YOUTH & COMM DEV SRVS",2019,556,478,76,0
"DEPT OF YOUTH & COMM DEV SRVS",2020,579,545,33,0
"DEPT OF YOUTH & COMM DEV SRVS",2021,520,488,32,0
"DEPT OF YOUTH & COMM DEV SRVS",2022,476,447,27,0
"DEPT OF YOUTH & COMM DEV SRVS",2023,521,467,53,0
"DEPT OF YOUTH & COMM DEV SRVS",2024,591,528,63,0
"DEPT OF YOUTH & COMM DEV SRVS",2025,620,558,62,0
"DEPT. OF DESIGN & CONSTRUCTION",2014,1227,1176,51,0
"DEPT. OF DESIGN & CONSTRUCTION",2015,1236,1176,60,0
"DEPT. OF DESIGN & CONSTRUCTION",2016,1375,1349,26,0
"DEPT. OF DESIGN & CONSTRUCTION",2017,1374,1322,52,0
"DEPT. OF DESIGN & CONSTRUCTION",2018,1372,1326,46,0
"DEPT. OF DESIGN & CONSTRUCTION",2019,1342,1284,58,0
"DEPT. OF DESIGN & CONSTRUCTION",2020,1254,1242,12,0
"DEPT. OF DESIGN & CONSTRUCTION",2021,1205,1195,10,0
"DEPT. OF DESIGN & CONSTRUCTION",2022,1117,1081,36,0
"DEPT. OF DESIGN & CONSTRUCTION",2023,1080,1035,45,0
"DEPT. OF DESIGN & CONSTRUCTION",2024,1107,1061,46,0
"DEPT. OF DESIGN & CONSTRUCTION",2025,1148,1101,47,0
"DEPT. OF HOMELESS SERVICES",2014,1844,1748,0,96
"DEPT. OF HOMELESS SERVICES",2015,1952,1851,2,99
"DEPT. OF HOMELESS SERVICES",2016,2374,2254,1,119
"DEPT. OF HOMELESS SERVICES",2017,2313,2181,8,124
"DEPT. OF HOMELESS SERVICES",2018,2353,2230,2,121
"DEPT. OF HOMELESS SERVICES",2019,2283,2161,1,121
"DEPT. OF HOMELESS SERVICES",2020,2097,1972,1,124
"DEPT. OF HOMELESS SERVICES",2021,1984,1845,21,118
"DEPT. OF HOMELESS SERVICES",2022,1828,1672,46,110
"DEPT. OF HOMELESS SERVICES",2023,1754,1631,17,106
"DEPT. OF HOMELESS SERVICES",2024,1764,1653,15,96
"DEPT. OF HOMELESS SERVICES",2025,1725,1621,15,89
"DISTRICT ATTORNEY KINGS COUNTY",2015,1062,1025,15,1
"DISTRICT ATTORNEY KINGS COUNTY",2016,1066,1041,12,0
"DISTRICT ATTORNEY KINGS COUNTY",2017,1071,1046,10,0
"DISTRICT ATTORNEY KINGS COUNTY",2018,1098,1074,11,0
"DISTRICT ATTORNEY KINGS COUNTY",2019,1108,1086,10,0
"DISTRICT ATTORNEY KINGS COUNTY",2020,1142,1122,11,0
"DISTRICT ATTORNEY KINGS COUNTY",2021,1137,1120,9,0
"DISTRICT ATTORNEY KINGS COUNTY",2022,1115,1101,8,0
"DISTRICT ATTORNEY KINGS COUNTY",2023,1161,1134,19,0
"DISTRICT ATTORNEY KINGS COUNTY",2024,1270,1247,14,0
"DISTRICT ATTORNEY KINGS COUNTY",2025,1301,1277,15,0
"DISTRICT ATTORNEY QNS COUNTY",2015,633,630,3,0
"DISTRICT ATTORNEY QNS COUNTY",2016,638,630,8,0
"DISTRICT ATTORNEY QNS COUNTY",2017,662,654,8,0
"DISTRICT ATTORNEY QNS COUNTY",2018,682,674,8,0
"DISTRICT ATTORNEY QNS COUNTY",2019,697,689,8,0
"DISTRICT ATTORNEY QNS COUNTY",2020,737,730,7,0
"DISTRICT ATTORNEY QNS COUNTY",2021,824,777,47,0
"DISTRICT ATTORNEY QNS COUNTY",2022,787,776,10,0
"DISTRICT ATTORNEY QNS COUNTY",2023,837,829,8,0
"DISTRICT ATTORNEY QNS COUNTY",2024,893,834,59,0
"DISTRICT ATTORNEY QNS COUNTY",2025,880,872,8,0
"DISTRICT ATTORNEY RICHMOND COU",2015,102,98,4,0
"DISTRICT ATTORNEY RICHMOND COU",2016,104,101,3,0
"DISTRICT ATTORNEY RICHMOND COU",2017,143,141,2,0
"DISTRICT ATTORNEY RICHMOND COU",2018,142,140,2,0
"DISTRICT ATTORNEY RICHMOND COU",2019,153,148,5,0
"DISTRICT ATTORNEY RICHMOND COU",2020,187,186,1,0
"DISTRICT ATTORNEY RICHMOND COU",2021,195,195,0,0
"DISTRICT ATTORNEY RICHMOND COU",2022,191,191,0,0
"DISTRICT ATTORNEY RICHMOND COU",2023,191,188,3,0
"DISTRICT ATTORNEY RICHMOND COU",2024,224,223,1,0
"DISTRICT ATTORNEY RICHMOND COU",2025,232,231,1,0
"DISTRICT ATTORNEY-MANHATTAN",2015,1374,1278,79,17
"DISTRICT ATTORNEY-MANHATTAN",2016,1428,1329,82,17
"DISTRICT ATTORNEY-MANHATTAN",2017,1462,1364,80,18
"DISTRICT ATTORNEY-MANHATTAN",2018,1535,1410,109,16
"DISTRICT ATTORNEY-MANHATTAN",2019,1503,1389,99,15
"DISTRICT ATTORNEY-MANHATTAN",2020,1555,1478,61,16
"DISTRICT ATTORNEY-MANHATTAN",2021,1550,1459,74,17
"DISTRICT ATTORNEY-MANHATTAN",2022,1574,1431,127,16
"DISTRICT ATTORNEY-MANHATTAN",2023,1576,1483,78,15
"DISTRICT ATTORNEY-MANHATTAN",2024,1620,1517,86,17
"DISTRICT ATTORNEY-MANHATTAN",2025,1707,1612,77,18
"DISTRICT ATTORNEY-SPECIAL NARC",2015,207,197,8,0
"DISTRICT ATTORNEY-SPECIAL NARC",2016,205,200,4,0
"DISTRICT ATTORNEY-SPECIAL NARC",2017,209,205,4,0
"DISTRICT ATTORNEY-SPECIAL NARC",2018,221,215,6,0
"DISTRICT ATTORNEY-SPECIAL NARC",2019,215,209,6,0
"DISTRICT ATTORNEY-SPECIAL NARC",2020,222,219,3,0
"DISTRICT ATTORNEY-SPECIAL NARC",2021,214,207,7,0
"DISTRICT ATTORNEY-SPECIAL NARC",2022,200,193,6,0
"DISTRICT ATTORNEY-SPECIAL NARC",2023,195,187,7,0
"DISTRICT ATTORNEY-SPECIAL NARC",2024,186,179,6,0
"DISTRICT ATTORNEY-SPECIAL NARC",2025,210,196,13,0
"DISTRICTING COMMISSION",2022,9,9,0,0
"DISTRICTING COMMISSION",2023,2,2,0,0
"DOE CUSTODIAL PAYROL",2014,776,0,776,0
"DOE CUSTODIAL PAYROL",2015,744,0,744,0
"DOE CUSTODIAL PAYROL",2016,726,0,726,0
"DOE CUSTODIAL PAYROL",2017,1328,0,1328,0
"DOE CUSTODIAL PAYROL",2018,1270,0,1270,0
"DOE CUSTODIAL PAYROL",2019,1263,0,1263,0
"DOE CUSTODIAL PAYROL",2020,1233,0,1233,0
"DOE CUSTODIAL PAYROL",2021,1301,0,1301,0
"DOE CUSTODIAL PAYROL",2022,1261,0,1261,0
"DOE CUSTODIAL PAYROL",2023,1325,0,1325,0
"DOE CUSTODIAL PAYROL",2024,1274,0,1274,0
"DOE CUSTODIAL PAYROL",2025,1220,0,1220,0
"EQUAL EMPLOY PRACTICES COMM",2014,6,5,1,0
"EQUAL EMPLOY PRACTICES COMM",2015,6,6,0,0
"EQUAL EMPLOY PRACTICES COMM",2016,11,10,1,0
"EQUAL EMPLOY PRACTICES COMM",2017,10,10,0,0
"EQUAL EMPLOY PRACTICES COMM",2018,11,11,0,0
"EQUAL EMPLOY PRACTICES COMM",2019,12,12,0,0
"EQUAL EMPLOY PRACTICES COMM",2020,13,13,0,0
"EQUAL EMPLOY PRACTICES COMM",2021,11,11,0,0
"EQUAL EMPLOY PRACTICES COMM",2022,11,11,0,0
"EQUAL EMPLOY PRACTICES COMM",2023,11,11,0,0
"EQUAL EMPLOY PRACTICES COMM",2024,12,12,0,0
"EQUAL EMPLOY PRACTICES COMM",2025,14,13,1,0
"FINANCIAL INFO SVCS AGENCY",2014,408,404,4,0
"FINANCIAL INFO SVCS AGENCY",2015,421,417,4,0
"FINANCIAL INFO SVCS AGENCY",2016,424,421,3,0
"FINANCIAL INFO SVCS AGENCY",2017,434,428,6,0
"FINANCIAL INFO SVCS AGENCY",2018,432,427,5,0
"FINANCIAL INFO SVCS AGENCY",2019,431,427,4,0
"FINANCIAL INFO SVCS AGENCY",2020,431,427,4,0
"FINANCIAL INFO SVCS AGENCY",2021,417,414,3,0
"FINANCIAL INFO SVCS AGENCY",2022,395,390,5,0
"FINANCIAL INFO SVCS AGENCY",2023,419,412,7,0
"FINANCIAL INFO SVCS AGENCY",2024,403,398,5,0
"FINANCIAL INFO SVCS AGENCY",2025,396,390,6,0
"FIRE DEPARTMENT",2014,15521,15130,117,267
"FIRE DEPARTMENT",2015,15962,15580,101,273
"FIRE DEPARTMENT",2016,16505,16090,106,301
"FIRE DEPARTMENT",2017,17266,16853,102,303
"FIRE DEPARTMENT",2018,17157,16754,93,302
"FIRE DEPARTMENT",2019,17339,16913,86,333
"FIRE DEPARTMENT",2020,17233,16801,90,335
"FIRE DEPARTMENT",2021,16861,16456,83,315
"FIRE DEPARTMENT",2022,16885,16474,82,322
"FIRE DEPARTMENT",2023,16946,16525,81,333
"FIRE DEPARTMENT",2024,17129,16637,167,319
"FIRE DEPARTMENT",2025,17390,16977,90,317
"GUTTMAN COMMUNITY COLLEGE",2014,272,98,163,11
"GUTTMAN COMMUNITY COLLEGE",2015,351,123,209,19
"GUTTMAN COMMUNITY COLLEGE",2016,409,155,228,26
"GUTTMAN COMMUNITY COLLEGE",2017,438,156,241,41
"GUTTMAN COMMUNITY COLLEGE",2018,381,167,181,33
"GUTTMAN COMMUNITY COLLEGE",2019,453,159,257,37
"GUTTMAN COMMUNITY COLLEGE",2020,502,157,319,26
"GUTTMAN COMMUNITY COLLEGE",2021,391,151,211,29
"GUTTMAN COMMUNITY COLLEGE",2022,349,143,176,30
"GUTTMAN COMMUNITY COLLEGE",2023,379,153,200,26
"GUTTMAN COMMUNITY COLLEGE",2024,351,159,167,25
"GUTTMAN COMMUNITY COLLEGE",2025,369,166,177,26
"HOUSING PRESERVATION & DVLPMNT",2014,1976,1934,37,1
"HOUSING PRESERVATION & DVLPMNT",2015,2092,2055,36,1
"HOUSING PRESERVATION & DVLPMNT",2016,2197,2163,33,1
"HOUSING PRESERVATION & DVLPMNT",2017,2247,2216,30,1
"HOUSING PRESERVATION & DVLPMNT",2018,2283,2253,29,1
"HOUSING PRESERVATION & DVLPMNT",2019,2342,2320,21,1
"HOUSING PRESERVATION & DVLPMNT",2020,2416,2395,20,1
"HOUSING PRESERVATION & DVLPMNT",2021,2321,2302,18,1
"HOUSING PRESERVATION & DVLPMNT",2022,2205,2189,15,1
"HOUSING PRESERVATION & DVLPMNT",2023,2338,2326,11,1
"HOUSING PRESERVATION & DVLPMNT",2024,2403,2389,14,0
"HOUSING PRESERVATION & DVLPMNT",2025,2392,2381,11,0
"HRA/DEPT OF SOCIAL SERVICES",2014,13477,13311,80,85
"HRA/DEPT OF SOCIAL SERVICES",2015,13536,13246,208,80
"HRA/DEPT OF SOCIAL SERVICES",2016,13280,13058,141,78
"HRA/DEPT OF SOCIAL SERVICES",2017,13261,13082,99,77
"HRA/DEPT OF SOCIAL SERVICES",2018,12933,12820,35,76
"HRA/DEPT OF SOCIAL SERVICES",2019,12547,12409,65,72
"HRA/DEPT OF SOCIAL SERVICES",2020,12463,12194,197,72
"HRA/DEPT OF SOCIAL SERVICES",2021,11820,11588,161,71
"HRA/DEPT OF SOCIAL SERVICES",2022,10763,10542,157,64
"HRA/DEPT OF SOCIAL SERVICES",2023,10652,10485,101,66
"HRA/DEPT OF SOCIAL SERVICES",2024,10919,10812,42,65
"HRA/DEPT OF SOCIAL SERVICES",2025,10733,10640,38,55
"HUMAN RIGHTS COMMISSION",2014,64,61,3,0
"HUMAN RIGHTS COMMISSION",2015,65,63,2,0
"HUMAN RIGHTS COMMISSION",2016,88,87,1,0
"HUMAN RIGHTS COMMISSION",2017,109,106,3,0
"HUMAN RIGHTS COMMISSION",2018,144,138,6,0
"HUMAN RIGHTS COMMISSION",2019,130,125,5,0
"HUMAN RIGHTS COMMISSION",2020,132,127,5,0
"HUMAN RIGHTS COMMISSION",2021,122,118,4,0
"HUMAN RIGHTS COMMISSION",2022,102,98,4,0
"HUMAN RIGHTS COMMISSION",2023,103,99,4,0
"HUMAN RIGHTS COMMISSION",2024,106,103,3,0
"HUMAN RIGHTS COMMISSION",2025,105,102,3,0
"HUNTER COLLEGE HIGH SCHOOL",2014,255,172,76,7
"HUNTER COLLEGE HIGH SCHOOL",2015,237,169,63,5
"HUNTER COLLEGE HIGH SCHOOL",2016,249,169,73,7
"HUNTER COLLEGE HIGH SCHOOL",2017,321,174,141,6
"HUNTER COLLEGE HIGH SCHOOL",2018,313,175,132,6
"HUNTER COLLEGE HIGH SCHOOL",2019,253,171,81,1
"HUNTER COLLEGE HIGH SCHOOL",2020,239,174,61,4
"HUNTER COLLEGE HIGH SCHOOL",2021,269,171,63,35
"HUNTER COLLEGE HIGH SCHOOL",2022,233,162,57,14
"HUNTER COLLEGE HIGH SCHOOL",2023,229,166,50,13
"HUNTER COLLEGE HIGH SCHOOL",2024,225,162,51,12
"HUNTER COLLEGE HIGH SCHOOL",2025,236,162,57,17
"INDEPENDENT BUDGET OFFICE",2014,35,34,1,0
"INDEPENDENT BUDGET OFFICE",2015,36,34,2,0
"INDEPENDENT BUDGET OFFICE",2016,36,35,1,0
"INDEPENDENT BUDGET OFFICE",2017,36,35,1,0
"INDEPENDENT BUDGET OFFICE",2018,34,31,3,0
"INDEPENDENT BUDGET OFFICE",2019,35,34,1,0
"INDEPENDENT BUDGET OFFICE",2020,38,36,2,0
"INDEPENDENT BUDGET OFFICE",2021,38,36,2,0
"INDEPENDENT BUDGET OFFICE",2022,29,28,1,0
"INDEPENDENT BUDGET OFFICE",2023,34,31,3,0
"INDEPENDENT BUDGET OFFICE",2024,52,44,8,0
"INDEPENDENT BUDGET OFFICE",2025,65,47,18,0
"KINGS DA",2014,1037,990,20,1
"LANDMARKS PRESERVATION COMM",2014,64,58,6,0
"LANDMARKS PRESERVATION COMM",2015,73,68,5,0
"LANDMARKS PRESERVATION COMM",2016,73,67,6,0
"LANDMARKS PRESERVATION COMM",2017,68,63,5,0
"LANDMARKS PRESERVATION COMM",2018,72,67,5,0
"LANDMARKS PRESERVATION COMM",2019,75,70,5,0
"LANDMARKS PRESERVATION COMM",2020,77,71,6,0
"LANDMARKS PRESERVATION COMM",2021,72,69,3,0
"LANDMARKS PRESERVATION COMM",2022,78,65,13,0
"LANDMARKS PRESERVATION COMM",2023,77,71,6,0
"LANDMARKS PRESERVATION COMM",2024,75,69,6,0
"LANDMARKS PRESERVATION COMM",2025,70,66,4,0
"LAW DEPARTMENT",2014,1527,1334,193,0
"LAW DEPARTMENT",2015,1545,1348,197,0
"LAW DEPARTMENT",2016,1573,1411,162,0
"LAW DEPARTMENT",2017,1807,1586,220,1
"LAW DEPARTMENT",2018,1773,1565,207,1
"LAW DEPARTMENT",2019,1900,1694,206,0
"LAW DEPARTMENT",2020,1869,1704,165,0
"LAW DEPARTMENT",2021,1770,1605,165,0
"LAW DEPARTMENT",2022,1557,1403,154,0
"LAW DEPARTMENT",2023,1495,1351,143,1
"LAW DEPARTMENT",2024,1528,1383,144,1
"LAW DEPARTMENT",2025,1495,1346,149,0
"MANHATTAN COMMUNITY BOARD #1",2014,4,3,1,0
"MANHATTAN COMMUNITY BOARD #1",2015,4,3,1,0
"MANHATTAN COMMUNITY BOARD #1",2016,3,3,0,0
"MANHATTAN COMMUNITY BOARD #1",2017,3,3,0,0
"MANHATTAN COMMUNITY BOARD #1",2018,3,3,0,0
"MANHATTAN COMMUNITY BOARD #1",2019,3,3,0,0
"MANHATTAN COMMUNITY BOARD #1",2020,3,3,0,0
"MANHATTAN COMMUNITY BOARD #1",2021,3,3,0,0
"MANHATTAN COMMUNITY BOARD #1",2022,2,2,0,0
"MANHATTAN COMMUNITY BOARD #1",2023,2,2,0,0
"MANHATTAN COMMUNITY BOARD #1",2024,3,3,0,0
"MANHATTAN COMMUNITY BOARD #1",2025,3,3,0,0
"MANHATTAN COMMUNITY BOARD #10",2014,2,2,0,0
"MANHATTAN COMMUNITY BOARD #10",2015,3,3,0,0
"MANHATTAN COMMUNITY BOARD #10",2016,3,3,0,0
"MANHATTAN COMMUNITY BOARD #10",2017,3,3,0,0
"MANHATTAN COMMUNITY BOARD #10",2018,3,3,0,0
"MANHATTAN COMMUNITY BOARD #10",2019,2,2,0,0
"MANHATTAN COMMUNITY BOARD #10",2020,2,2,0,0
"MANHATTAN COMMUNITY BOARD #10",2021,3,3,0,0
"MANHATTAN COMMUNITY BOARD #10",2022,3,3,0,0
"MANHATTAN COMMUNITY BOARD #10",2023,4,4,0,0
"MANHATTAN COMMUNITY BOARD #10",2024,3,3,0,0
"MANHATTAN COMMUNITY BOARD #10",2025,3,3,0,0
"MANHATTAN COMMUNITY BOARD #11",2014,2,2,0,0
"MANHATTAN COMMUNITY BOARD #11",2015,3,3,0,0
"MANHATTAN COMMUNITY BOARD #11",2016,3,3,0,0
"MANHATTAN COMMUNITY BOARD #11",2017,4,3,1,0
"MANHATTAN COMMUNITY BOARD #11",2018,3,2,1,0
"MANHATTAN COMMUNITY BOARD #11",2019,1,1,0,0
"MANHATTAN COMMUNITY BOARD #11",2020,3,3,0,0
"MANHATTAN COMMUNITY BOARD #11",2021,3,3,0,0
"MANHATTAN COMMUNITY BOARD #11",2022,2,2,0,0
"MANHATTAN COMMUNITY BOARD #11",2023,3,3,0,0
"MANHATTAN COMMUNITY BOARD #11",2024,3,3,0,0
"MANHATTAN COMMUNITY BOARD #11",2025,3,3,0,0
"MANHATTAN COMMUNITY BOARD #12",2014,3,3,0,0
"MANHATTAN COMMUNITY BOARD #12",2015,3,3,0,0
"MANHATTAN COMMUNITY BOARD #12",2016,3,3,0,0
"MANHATTAN COMMUNITY BOARD #12",2017,3,3,0,0
"MANHATTAN COMMUNITY BOARD #12",2018,3,3,0,0
"MANHATTAN COMMUNITY BOARD #12",2019,2,2,0,0
"MANHATTAN COMMUNITY BOARD #12",2020,3,3,0,0
"MANHATTAN COMMUNITY BOARD #12",2021,3,3,0,0
"MANHATTAN COMMUNITY BOARD #12",2022,3,3,0,0
"MANHATTAN COMMUNITY BOARD #12",2023,3,3,0,0
"MANHATTAN COMMUNITY BOARD #12",2024,2,2,0,0
"MANHATTAN COMMUNITY BOARD #12",2025,3,3,0,0
"MANHATTAN COMMUNITY BOARD #2",2014,4,4,0,0
"MANHATTAN COMMUNITY BOARD #2",2015,4,4,0,0
"MANHATTAN COMMUNITY BOARD #2",2016,4,4,0,0
"MANHATTAN COMMUNITY BOARD #2",2017,4,4,0,0
"MANHATTAN COMMUNITY BOARD #2",2018,4,4,0,0
"MANHATTAN COMMUNITY BOARD #2",2019,4,4,0,0
"MANHATTAN COMMUNITY BOARD #2",2020,4,4,0,0
"MANHATTAN COMMUNITY BOARD #2",2021,4,4,0,0
"MANHATTAN COMMUNITY BOARD #2",2022,3,3,0,0
"MANHATTAN COMMUNITY BOARD #2",2023,3,3,0,0
"MANHATTAN COMMUNITY BOARD #2",2024,3,3,0,0
"MANHATTAN COMMUNITY BOARD #2",2025,3,3,0,0
"MANHATTAN COMMUNITY BOARD #3",2014,4,4,0,0
"MANHATTAN COMMUNITY BOARD #3",2015,4,4,0,0
"MANHATTAN COMMUNITY BOARD #3",2016,4,4,0,0
"MANHATTAN COMMUNITY BOARD #3",2017,4,4,0,0
"MANHATTAN COMMUNITY BOARD #3",2018,3,3,0,0
"MANHATTAN COMMUNITY BOARD #3",2019,4,4,0,0
"MANHATTAN COMMUNITY BOARD #3",2020,4,4,0,0
"MANHATTAN COMMUNITY BOARD #3",2021,3,3,0,0
"MANHATTAN COMMUNITY BOARD #3",2022,4,4,0,0
"MANHATTAN COMMUNITY BOARD #3",2023,4,4,0,0
"MANHATTAN COMMUNITY BOARD #3",2024,2,2,0,0
"MANHATTAN COMMUNITY BOARD #3",2025,3,3,0,0
"MANHATTAN COMMUNITY BOARD #4",2014,3,3,0,0
"MANHATTAN COMMUNITY BOARD #4",2015,3,3,0,0
"MANHATTAN COMMUNITY BOARD #4",2016,3,3,0,0
"MANHATTAN COMMUNITY BOARD #4",2017,3,3,0,0
"MANHATTAN COMMUNITY BOARD #4",2018,3,3,0,0
"MANHATTAN COMMUNITY BOARD #4",2019,3,3,0,0
"MANHATTAN COMMUNITY BOARD #4",2020,3,3,0,0
"MANHATTAN COMMUNITY BOARD #4",2021,3,3,0,0
"MANHATTAN COMMUNITY BOARD #4",2022,3,3,0,0
"MANHATTAN COMMUNITY BOARD #4",2023,3,3,0,0
"MANHATTAN COMMUNITY BOARD #4",2024,3,3,0,0
"MANHATTAN COMMUNITY BOARD #4",2025,3,3,0,0
"MANHATTAN COMMUNITY BOARD #5",2014,3,3,0,0
"MANHATTAN COMMUNITY BOARD #5",2015,3,3,0,0
"MANHATTAN COMMUNITY BOARD #5",2016,2,2,0,0
"MANHATTAN COMMUNITY BOARD #5",2017,3,3,0,0
"MANHATTAN COMMUNITY BOARD #5",2018,2,2,0,0
"MANHATTAN COMMUNITY BOARD #5",2019,3,3,0,0
"MANHATTAN COMMUNITY BOARD #5",2020,3,3,0,0
"MANHATTAN COMMUNITY BOARD #5",2021,3,3,0,0
"MANHATTAN COMMUNITY BOARD #5",2022,3,3,0,0
"MANHATTAN COMMUNITY BOARD #5",2023,3,3,0,0
"MANHATTAN COMMUNITY BOARD #5",2024,3,3,0,0
"MANHATTAN COMMUNITY BOARD #5",2025,2,2,0,0
"MANHATTAN COMMUNITY BOARD #6",2014,3,3,0,0
"MANHATTAN COMMUNITY BOARD #6",2015,2,2,0,0
"MANHATTAN COMMUNITY BOARD #6",2016,2,2,0,0
"MANHATTAN COMMUNITY BOARD #6",2017,1,1,0,0
"MANHATTAN COMMUNITY BOARD #6",2018,3,3,0,0
"MANHATTAN COMMUNITY BOARD #6",2019,3,3,0,0
"MANHATTAN COMMUNITY BOARD #6",2020,3,3,0,0
"MANHATTAN COMMUNITY BOARD #6",2021,2,2,0,0
"MANHATTAN COMMUNITY BOARD #6",2022,3,3,0,0
"MANHATTAN COMMUNITY BOARD #6",2023,3,3,0,0
"MANHATTAN COMMUNITY BOARD #6",2024,3,3,0,0
"MANHATTAN COMMUNITY BOARD #6",2025,3,3,0,0
"MANHATTAN COMMUNITY BOARD #7",2014,3,3,0,0
"MANHATTAN COMMUNITY BOARD #7",2015,3,3,0,0
"MANHATTAN COMMUNITY BOARD #7",2016,3,3,0,0
"MANHATTAN COMMUNITY BOARD #7",2017,2,2,0,0
"MANHATTAN COMMUNITY BOARD #7",2018,3,3,0,0
"MANHATTAN COMMUNITY BOARD #7",2019,3,3,0,0
"MANHATTAN COMMUNITY BOARD #7",2020,3,3,0,0
"MANHATTAN COMMUNITY BOARD #7",2021,2,2,0,0
"MANHATTAN COMMUNITY BOARD #7",2022,2,2,0,0
"MANHATTAN COMMUNITY BOARD #7",2023,3,3,0,0
"MANHATTAN COMMUNITY BOARD #7",2024,3,3,0,0
"MANHATTAN COMMUNITY BOARD #7",2025,3,3,0,0
"MANHATTAN COMMUNITY BOARD #8",2014,4,4,0,0
"MANHATTAN COMMUNITY BOARD #8",2015,4,4,0,0
"MANHATTAN COMMUNITY BOARD #8",2016,3,3,0,0
"MANHATTAN COMMUNITY BOARD #8",2017,3,3,0,0
"MANHATTAN COMMUNITY BOARD #8",2018,2,2,0,0
"MANHATTAN COMMUNITY BOARD #8",2019,4,3,1,0
"MANHATTAN COMMUNITY BOARD #8",2020,2,1,1,0
"MANHATTAN COMMUNITY BOARD #8",2021,2,2,0,0
"MANHATTAN COMMUNITY BOARD #8",2022,3,3,0,0
"MANHATTAN COMMUNITY BOARD #8",2023,4,4,0,0
"MANHATTAN COMMUNITY BOARD #8",2024,3,3,0,0
"MANHATTAN COMMUNITY BOARD #8",2025,3,3,0,0
"MANHATTAN COMMUNITY BOARD #9",2014,3,2,1,0
"MANHATTAN COMMUNITY BOARD #9",2015,3,2,1,0
"MANHATTAN COMMUNITY BOARD #9",2016,3,2,1,0
"MANHATTAN COMMUNITY BOARD #9",2017,3,2,1,0
"MANHATTAN COMMUNITY BOARD #9",2018,3,2,1,0
"MANHATTAN COMMUNITY BOARD #9",2019,3,2,1,0
"MANHATTAN COMMUNITY BOARD #9",2020,3,2,1,0
"MANHATTAN COMMUNITY BOARD #9",2021,3,2,1,0
"MANHATTAN COMMUNITY BOARD #9",2022,2,2,0,0
"MANHATTAN COMMUNITY BOARD #9",2023,3,3,0,0
"MANHATTAN COMMUNITY BOARD #9",2024,2,2,0,0
"MANHATTAN COMMUNITY BOARD #9",2025,3,3,0,0
"MANHATTAN DA",2014,1331,1231,85,15
"MAYORS OFFICE OF CONTRACT SVCS",2017,99,99,0,0
"MAYORS OFFICE OF CONTRACT SVCS",2018,153,152,1,0
"MAYORS OFFICE OF CONTRACT SVCS",2019,169,168,1,0
"MAYORS OFFICE OF CONTRACT SVCS",2020,184,184,0,0
"MAYORS OFFICE OF CONTRACT SVCS",2021,158,157,1,0
"MAYORS OFFICE OF CONTRACT SVCS",2022,167,163,4,0
"MAYORS OFFICE OF CONTRACT SVCS",2023,178,176,2,0
"MAYORS OFFICE OF CONTRACT SVCS",2024,186,182,4,0
"MAYORS OFFICE OF CONTRACT SVCS",2025,188,180,8,0
"MUNICIPAL WATER FIN AUTHORITY",2014,15,15,0,0
"MUNICIPAL WATER FIN AUTHORITY",2015,14,14,0,0
"MUNICIPAL WATER FIN AUTHORITY",2016,12,12,0,0
"MUNICIPAL WATER FIN AUTHORITY",2017,13,13,0,0
"MUNICIPAL WATER FIN AUTHORITY",2018,13,13,0,0
"MUNICIPAL WATER FIN AUTHORITY",2019,13,13,0,0
"MUNICIPAL WATER FIN AUTHORITY",2020,12,12,0,0
"MUNICIPAL WATER FIN AUTHORITY",2021,11,11,0,0
"MUNICIPAL WATER FIN AUTHORITY",2022,11,11,0,0
"MUNICIPAL WATER FIN AUTHORITY",2023,8,8,0,0
"MUNICIPAL WATER FIN AUTHORITY",2024,9,9,0,0
"MUNICIPAL WATER FIN AUTHORITY",2025,11,11,0,0
"NYC DEPT OF VETERANS' SERVICES",2017,32,32,0,0
"NYC DEPT OF VETERANS' SERVICES",2018,35,34,1,0
"NYC DEPT OF VETERANS' SERVICES",2019,38,38,0,0
"NYC DEPT OF VETERANS' SERVICES",2020,38,38,0,0
"NYC DEPT OF VETERANS' SERVICES",2021,36,36,0,0
"NYC DEPT OF VETERANS' SERVICES",2022,32,31,1,0
"NYC DEPT OF VETERANS' SERVICES",2023,33,30,3,0
"NYC DEPT OF VETERANS' SERVICES",2024,36,34,2,0
"NYC DEPT OF VETERANS' SERVICES",2025,36,35,1,0
"NYC EMPLOYEES RETIREMENT SYS",2014,409,380,29,0
"NYC EMPLOYEES RETIREMENT SYS",2015,413,376,37,0
"NYC EMPLOYEES RETIREMENT SYS",2016,434,396,38,0
"NYC EMPLOYEES RETIREMENT SYS",2017,441,404,37,0
"NYC EMPLOYEES RETIREMENT SYS",2018,442,406,36,0
"NYC EMPLOYEES RETIREMENT SYS",2019,432,402,30,0
"NYC EMPLOYEES RETIREMENT SYS",2020,463,421,42,0
"NYC EMPLOYEES RETIREMENT SYS",2021,472,434,38,0
"NYC EMPLOYEES RETIREMENT SYS",2022,489,451,38,0
"NYC EMPLOYEES RETIREMENT SYS",2023,507,470,37,0
"NYC EMPLOYEES RETIREMENT SYS",2024,514,478,36,0
"NYC EMPLOYEES RETIREMENT SYS",2025,501,469,32,0
"NYC FIRE PENSION FUND",2018,32,31,1,0
"NYC FIRE PENSION FUND",2019,36,35,1,0
"NYC FIRE PENSION FUND",2020,36,35,1,0
"NYC FIRE PENSION FUND",2021,44,44,0,0
"NYC FIRE PENSION FUND",2022,48,48,0,0
"NYC FIRE PENSION FUND",2023,46,46,0,0
"NYC FIRE PENSION FUND",2024,48,48,0,0
"NYC FIRE PENSION FUND",2025,49,49,0,0
"NYC HOUSING AUTHORITY",2014,11498,8519,0,2731
"NYC HOUSING AUTHORITY",2015,11457,8404,0,2795
"NYC HOUSING AUTHORITY",2016,10944,8037,0,2675
"NYC HOUSING AUTHORITY",2017,10791,8084,0,2601
"NYC HOUSING AUTHORITY",2018,10794,7800,0,2612
"NYC HOUSING AUTHORITY",2019,10820,7871,0,2610
"NYC HOUSING AUTHORITY",2020,10978,8137,0,2765
"NYC HOUSING AUTHORITY",2021,11384,8434,0,2881
"NYC HOUSING AUTHORITY",2022,11707,8644,0,2936
"NYC HOUSING AUTHORITY",2023,11878,8264,1,3315
"NYC HOUSING AUTHORITY",2024,11865,8243,0,3311
"NYC HOUSING AUTHORITY",2025,11994,8438,0,3333
"NYC POLICE PENSION FUND",2014,157,131,26,0
"NYC POLICE PENSION FUND",2015,150,130,20,0
"NYC POLICE PENSION FUND",2016,152,131,21,0
"NYC POLICE PENSION FUND",2017,155,132,23,0
"NYC POLICE PENSION FUND",2018,142,137,5,0
"NYC POLICE PENSION FUND",2019,141,139,2,0
"NYC POLICE PENSION FUND",2020,138,136,2,0
"NYC POLICE PENSION FUND",2021,140,139,1,0
"NYC POLICE PENSION FUND",2022,140,138,2,0
"NYC POLICE PENSION FUND",2023,140,140,0,0
"NYC POLICE PENSION FUND",2024,144,143,1,0
"NYC POLICE PENSION FUND",2025,141,137,4,0
"OFF OF PAYROLL ADMINISTRATION",2014,147,145,2,0
"OFF OF PAYROLL ADMINISTRATION",2015,155,155,0,0
"OFF OF PAYROLL ADMINISTRATION",2016,150,150,0,0
"OFF OF PAYROLL ADMINISTRATION",2017,162,160,2,0
"OFF OF PAYROLL ADMINISTRATION",2018,151,150,1,0
"OFF OF PAYROLL ADMINISTRATION",2019,149,147,2,0
"OFF OF PAYROLL ADMINISTRATION",2020,148,147,1,0
"OFF OF PAYROLL ADMINISTRATION",2021,145,143,2,0
"OFF OF PAYROLL ADMINISTRATION",2022,141,139,2,0
"OFF OF PAYROLL ADMINISTRATION",2023,141,140,1,0
"OFF OF PAYROLL ADMINISTRATION",2024,137,136,1,0
"OFF OF PAYROLL ADMINISTRATION",2025,132,131,1,0
"OFFICE OF COLLECTIVE BARGAININ",2014,15,15,0,0
"OFFICE OF COLLECTIVE BARGAININ",2015,15,15,0,0
"OFFICE OF COLLECTIVE BARGAININ",2016,18,17,1,0
"OFFICE OF COLLECTIVE BARGAININ",2017,19,17,2,0
"OFFICE OF COLLECTIVE BARGAININ",2018,16,15,1,0
"OFFICE OF COLLECTIVE BARGAININ",2019,18,17,1,0
"OFFICE OF COLLECTIVE BARGAININ",2020,14,14,0,0
"OFFICE OF COLLECTIVE BARGAININ",2021,17,16,1,0
"OFFICE OF COLLECTIVE BARGAININ",2022,17,16,1,0
"OFFICE OF COLLECTIVE BARGAININ",2023,14,14,0,0
"OFFICE OF COLLECTIVE BARGAININ",2024,15,15,0,0
"OFFICE OF COLLECTIVE BARGAININ",2025,15,15,0,0
"OFFICE OF CRIMINAL JUSTICE",2024,48,48,0,0
"OFFICE OF CRIMINAL JUSTICE",2025,96,96,0,0
"OFFICE OF EMERGENCY MANAGEMENT",2014,116,112,4,0
"OFFICE OF EMERGENCY MANAGEMENT",2015,154,149,5,0
"OFFICE OF EMERGENCY MANAGEMENT",2016,163,156,7,0
"OFFICE OF EMERGENCY MANAGEMENT",2017,171,165,6,0
"OFFICE OF EMERGENCY MANAGEMENT",2018,186,181,5,0
"OFFICE OF EMERGENCY MANAGEMENT",2019,183,178,5,0
"OFFICE OF EMERGENCY MANAGEMENT",2020,198,190,8,0
"OFFICE OF EMERGENCY MANAGEMENT",2021,197,191,6,0
"OFFICE OF EMERGENCY MANAGEMENT",2022,202,196,6,0
"OFFICE OF EMERGENCY MANAGEMENT",2023,219,201,18,0
"OFFICE OF EMERGENCY MANAGEMENT",2024,217,209,8,0
"OFFICE OF EMERGENCY MANAGEMENT",2025,223,209,14,0
"OFFICE OF LABOR RELATIONS",2014,103,99,4,0
"OFFICE OF LABOR RELATIONS",2015,111,105,6,0
"OFFICE OF LABOR RELATIONS",2016,123,119,4,0
"OFFICE OF LABOR RELATIONS",2017,131,127,4,0
"OFFICE OF LABOR RELATIONS",2018,137,133,4,0
"OFFICE OF LABOR RELATIONS",2019,134,130,4,0
"OFFICE OF LABOR RELATIONS",2020,159,155,4,0
"OFFICE OF LABOR RELATIONS",2021,154,150,4,0
"OFFICE OF LABOR RELATIONS",2022,148,144,4,0
"OFFICE OF LABOR RELATIONS",2023,156,151,5,0
"OFFICE OF LABOR RELATIONS",2024,161,157,4,0
"OFFICE OF LABOR RELATIONS",2025,164,160,4,0
"OFFICE OF MANAGEMENT & BUDGET",2014,328,323,5,0
"OFFICE OF MANAGEMENT & BUDGET",2015,336,331,5,0
"OFFICE OF MANAGEMENT & BUDGET",2016,359,355,4,0
"OFFICE OF MANAGEMENT & BUDGET",2017,408,388,20,0
"OFFICE OF MANAGEMENT & BUDGET",2018,404,388,16,0
"OFFICE OF MANAGEMENT & BUDGET",2019,412,392,20,0
"OFFICE OF MANAGEMENT & BUDGET",2020,407,398,9,0
"OFFICE OF MANAGEMENT & BUDGET",2021,383,372,11,0
"OFFICE OF MANAGEMENT & BUDGET",2022,394,373,21,0
"OFFICE OF MANAGEMENT & BUDGET",2023,435,406,29,0
"OFFICE OF MANAGEMENT & BUDGET",2024,463,434,29,0
"OFFICE OF MANAGEMENT & BUDGET",2025,457,421,36,0
"OFFICE OF RACIAL EQUITY",2024,10,10,0,0
"OFFICE OF RACIAL EQUITY",2025,28,28,0,0
"OFFICE OF THE ACTUARY",2014,35,35,0,0
"OFFICE OF THE ACTUARY",2015,36,34,2,0
"OFFICE OF THE ACTUARY",2016,36,34,2,0
"OFFICE OF THE ACTUARY",2017,38,38,0,0
"OFFICE OF THE ACTUARY",2018,41,41,0,0
"OFFICE OF THE ACTUARY",2019,43,43,0,0
"OFFICE OF THE ACTUARY",2020,42,42,0,0
"OFFICE OF THE ACTUARY",2021,40,40,0,0
"OFFICE OF THE ACTUARY",2022,40,40,0,0
"OFFICE OF THE ACTUARY",2023,35,35,0,0
"OFFICE OF THE ACTUARY",2024,40,40,0,0
"OFFICE OF THE ACTUARY",2025,38,38,0,0
"OFFICE OF THE COMPTROLLER",2014,728,710,17,0
"OFFICE OF THE COMPTROLLER",2015,723,706,16,0
"OFFICE OF THE COMPTROLLER",2016,733,720,12,0
"OFFICE OF THE COMPTROLLER",2017,811,741,69,0
"OFFICE OF THE COMPTROLLER",2018,803,746,55,0
"OFFICE OF THE COMPTROLLER",2019,799,744,54,0
"OFFICE OF THE COMPTROLLER",2020,771,748,22,0
"OFFICE OF THE COMPTROLLER",2021,804,736,67,0
"OFFICE OF THE COMPTROLLER",2022,698,657,41,0
"OFFICE OF THE COMPTROLLER",2023,696,655,41,0
"OFFICE OF THE COMPTROLLER",2024,708,664,44,0
"OFFICE OF THE COMPTROLLER",2025,740,690,50,0
"OFFICE OF THE MAYOR",2014,419,413,6,0
"OFFICE OF THE MAYOR",2015,461,452,9,0
"OFFICE OF THE MAYOR",2016,526,519,7,0
"OFFICE OF THE MAYOR",2017,459,456,3,0
"OFFICE OF THE MAYOR",2018,516,457,59,0
"OFFICE OF THE MAYOR",2019,563,480,83,0
"OFFICE OF THE MAYOR",2020,505,493,12,0
"OFFICE OF THE MAYOR",2021,423,422,1,0
"OFFICE OF THE MAYOR",2022,465,433,32,0
"OFFICE OF THE MAYOR",2023,442,413,29,0
"OFFICE OF THE MAYOR",2024,337,326,11,0
"OFFICE OF THE MAYOR",2025,359,328,31,0
"PERSONNEL MONITORS",2014,1199,0,1199,0
"PERSONNEL MONITORS",2015,2536,0,2536,0
"PERSONNEL MONITORS",2016,1399,0,1399,0
"PERSONNEL MONITORS",2017,1281,0,1281,0
"PERSONNEL MONITORS",2018,642,0,642,0
"PERSONNEL MONITORS",2019,474,0,474,0
"PERSONNEL MONITORS",2020,360,0,360,0
"PERSONNEL MONITORS",2021,71,0,71,0
"PERSONNEL MONITORS",2022,132,0,132,0
"PERSONNEL MONITORS",2023,162,0,162,0
"PERSONNEL MONITORS",2024,163,0,163,0
"PERSONNEL MONITORS",2025,155,0,155,0
"POLICE DEPARTMENT",2014,49722,47794,1470,452
"POLICE DEPARTMENT",2015,50213,48047,1690,469
"POLICE DEPARTMENT",2016,52283,49184,2611,480
"POLICE DEPARTMENT",2017,53728,50096,3144,480
"POLICE DEPARTMENT",2018,54586,50831,3260,486
"POLICE DEPARTMENT",2019,54234,50700,3022,505
"POLICE DEPARTMENT",2020,53814,50297,2999,510
"POLICE DEPARTMENT",2021,51041,48018,2525,490
"POLICE DEPARTMENT",2022,48958,47424,1048,478
"POLICE DEPARTMENT",2023,49267,46192,2503,564
"POLICE DEPARTMENT",2024,48072,45545,1961,558
"POLICE DEPARTMENT",2025,47480,45050,1864,559
"PRESIDENT BOROUGH OF MANHATTAN",2014,46,46,0,0
"PRESIDENT BOROUGH OF MANHATTAN",2015,51,50,1,0
"PRESIDENT BOROUGH OF MANHATTAN",2016,53,53,0,0
"PRESIDENT BOROUGH OF MANHATTAN",2017,52,52,0,0
"PRESIDENT BOROUGH OF MANHATTAN",2018,50,50,0,0
"PRESIDENT BOROUGH OF MANHATTAN",2019,55,53,2,0
"PRESIDENT BOROUGH OF MANHATTAN",2020,55,54,1,0
"PRESIDENT BOROUGH OF MANHATTAN",2021,52,51,1,0
"PRESIDENT BOROUGH OF MANHATTAN",2022,47,47,0,0
"PRESIDENT BOROUGH OF MANHATTAN",2023,46,46,0,0
"PRESIDENT BOROUGH OF MANHATTAN",2024,51,51,0,0
"PRESIDENT BOROUGH OF MANHATTAN",2025,50,50,0,0
"PUBLIC ADMINISTRATOR-BRONX",2014,7,7,0,0
"PUBLIC ADMINISTRATOR-BRONX",2015,8,8,0,0
"PUBLIC ADMINISTRATOR-BRONX",2016,8,8,0,0
"PUBLIC ADMINISTRATOR-BRONX",2017,7,7,0,0
"PUBLIC ADMINISTRATOR-BRONX",2018,6,6,0,0
"PUBLIC ADMINISTRATOR-BRONX",2019,7,7,0,0
"PUBLIC ADMINISTRATOR-BRONX",2020,8,8,0,0
"PUBLIC ADMINISTRATOR-BRONX",2021,7,7,0,0
"PUBLIC ADMINISTRATOR-BRONX",2022,7,7,0,0
"PUBLIC ADMINISTRATOR-BRONX",2023,8,8,0,0
"PUBLIC ADMINISTRATOR-BRONX",2024,7,7,0,0
"PUBLIC ADMINISTRATOR-BRONX",2025,9,9,0,0
"PUBLIC ADMINISTRATOR-KINGS",2014,9,9,0,0
"PUBLIC ADMINISTRATOR-KINGS",2015,10,10,0,0
"PUBLIC ADMINISTRATOR-KINGS",2016,11,11,0,0
"PUBLIC ADMINISTRATOR-KINGS",2017,12,12,0,0
"PUBLIC ADMINISTRATOR-KINGS",2018,13,13,0,0
"PUBLIC ADMINISTRATOR-KINGS",2019,12,12,0,0
"PUBLIC ADMINISTRATOR-KINGS",2020,12,12,0,0
"PUBLIC ADMINISTRATOR-KINGS",2021,11,11,0,0
"PUBLIC ADMINISTRATOR-KINGS",2022,12,12,0,0
"PUBLIC ADMINISTRATOR-KINGS",2023,11,11,0,0
"PUBLIC ADMINISTRATOR-KINGS",2024,12,12,0,0
"PUBLIC ADMINISTRATOR-KINGS",2025,15,15,0,0
"PUBLIC ADMINISTRATOR-NEW YORK",2014,11,11,0,0
"PUBLIC ADMINISTRATOR-NEW YORK",2015,9,9,0,0
"PUBLIC ADMINISTRATOR-NEW YORK",2016,10,10,0,0
"PUBLIC ADMINISTRATOR-NEW YORK",2017,10,10,0,0
"PUBLIC ADMINISTRATOR-NEW YORK",2018,10,10,0,0
"PUBLIC ADMINISTRATOR-NEW YORK",2019,11,11,0,0
"PUBLIC ADMINISTRATOR-NEW YORK",2020,10,10,0,0
"PUBLIC ADMINISTRATOR-NEW YORK",2021,10,10,0,0
"PUBLIC ADMINISTRATOR-NEW YORK",2022,10,10,0,0
"PUBLIC ADMINISTRATOR-NEW YORK",2023,12,12,0,0
"PUBLIC ADMINISTRATOR-NEW YORK",2024,12,12,0,0
"PUBLIC ADMINISTRATOR-NEW YORK",2025,12,12,0,0
"PUBLIC ADMINISTRATOR-QUEENS",2014,7,7,0,0
"PUBLIC ADMINISTRATOR-QUEENS",2015,8,8,0,0
"PUBLIC ADMINISTRATOR-QUEENS",2016,7,7,0,0
"PUBLIC ADMINISTRATOR-QUEENS",2017,8,8,0,0
"PUBLIC ADMINISTRATOR-QUEENS",2018,8,8,0,0
"PUBLIC ADMINISTRATOR-QUEENS",2019,8,8,0,0
"PUBLIC ADMINISTRATOR-QUEENS",2020,8,8,0,0
"PUBLIC ADMINISTRATOR-QUEENS",2021,8,8,0,0
"PUBLIC ADMINISTRATOR-QUEENS",2022,7,7,0,0
"PUBLIC ADMINISTRATOR-QUEENS",2023,7,7,0,0
"PUBLIC ADMINISTRATOR-QUEENS",2024,7,7,0,0
"PUBLIC ADMINISTRATOR-QUEENS",2025,7,7,0,0
"PUBLIC ADMINISTRATOR-RICHMOND",2014,5,5,0,0
"PUBLIC ADMINISTRATOR-RICHMOND",2015,5,5,0,0
"PUBLIC ADMINISTRATOR-RICHMOND",2016,5,5,0,0
"PUBLIC ADMINISTRATOR-RICHMOND",2017,5,5,0,0
"PUBLIC ADMINISTRATOR-RICHMOND",2018,5,5,0,0
"PUBLIC ADMINISTRATOR-RICHMOND",2019,5,5,0,0
"PUBLIC ADMINISTRATOR-RICHMOND",2020,5,5,0,0
"PUBLIC ADMINISTRATOR-RICHMOND",2021,5,5,0,0
"PUBLIC ADMINISTRATOR-RICHMOND",2022,5,5,0,0
"PUBLIC ADMINISTRATOR-RICHMOND",2023,5,5,0,0
"PUBLIC ADMINISTRATOR-RICHMOND",2024,5,5,0,0
"PUBLIC ADMINISTRATOR-RICHMOND",2025,5,5,0,0
"PUBLIC ADVOCATE",2014,28,24,0,0
"PUBLIC ADVOCATE",2015,45,41,1,0
"PUBLIC ADVOCATE",2016,43,39,2,0
"PUBLIC ADVOCATE",2017,64,44,19,0
"PUBLIC ADVOCATE",2018,56,37,19,0
"PUBLIC ADVOCATE",2019,42,21,21,0
"PUBLIC ADVOCATE",2020,68,57,5,0
"PUBLIC ADVOCATE",2021,61,49,4,0
"PUBLIC ADVOCATE",2022,63,46,13,0
"PUBLIC ADVOCATE",2023,71,51,12,0
"PUBLIC ADVOCATE",2024,67,51,10,0
"PUBLIC ADVOCATE",2025,58,48,3,0
"PUBLIC SERVICE CORPS",2014,512,0,512,0
"PUBLIC SERVICE CORPS",2015,401,0,401,0
"PUBLIC SERVICE CORPS",2016,394,0,394,0
"PUBLIC SERVICE CORPS",2017,280,0,280,0
"PUBLIC SERVICE CORPS",2018,255,0,255,0
"PUBLIC SERVICE CORPS",2019,215,0,215,0
"PUBLIC SERVICE CORPS",2020,172,0,172,0
"PUBLIC SERVICE CORPS",2021,30,0,30,0
"PUBLIC SERVICE CORPS",2022,51,0,51,0
"PUBLIC SERVICE CORPS",2023,51,0,51,0
"PUBLIC SERVICE CORPS",2024,61,0,61,0
"PUBLIC SERVICE CORPS",2025,82,0,82,0
"QUEENS COMMUNITY BOARD #1",2014,3,2,1,0
"QUEENS COMMUNITY BOARD #1",2015,4,3,1,0
"QUEENS COMMUNITY BOARD #1",2016,4,2,1,0
"QUEENS COMMUNITY BOARD #1",2017,4,2,1,0
"QUEENS COMMUNITY BOARD #1",2018,4,2,1,0
"QUEENS COMMUNITY BOARD #1",2019,3,2,0,0
"QUEENS COMMUNITY BOARD #1",2020,4,2,0,0
"QUEENS COMMUNITY BOARD #1",2021,3,3,0,0
"QUEENS COMMUNITY BOARD #1",2022,3,3,0,0
"QUEENS COMMUNITY BOARD #1",2023,2,2,0,0
"QUEENS COMMUNITY BOARD #1",2024,2,2,0,0
"QUEENS COMMUNITY BOARD #1",2025,4,2,1,0
"QUEENS COMMUNITY BOARD #10",2014,4,3,1,0
"QUEENS COMMUNITY BOARD #10",2015,4,3,1,0
"QUEENS COMMUNITY BOARD #10",2016,4,3,1,0
"QUEENS COMMUNITY BOARD #10",2017,4,3,1,0
"QUEENS COMMUNITY BOARD #10",2018,4,3,1,0
"QUEENS COMMUNITY BOARD #10",2019,3,2,1,0
"QUEENS COMMUNITY BOARD #10",2020,4,3,1,0
"QUEENS COMMUNITY BOARD #10",2021,3,2,1,0
"QUEENS COMMUNITY BOARD #10",2022,3,2,1,0
"QUEENS COMMUNITY BOARD #10",2023,2,1,1,0
"QUEENS COMMUNITY BOARD #10",2024,1,1,0,0
"QUEENS COMMUNITY BOARD #10",2025,1,1,0,0
"QUEENS COMMUNITY BOARD #11",2014,3,2,0,0
"QUEENS COMMUNITY BOARD #11",2015,3,2,0,0
"QUEENS COMMUNITY BOARD #11",2016,3,2,0,0
"QUEENS COMMUNITY BOARD #11",2017,3,2,0,0
"QUEENS COMMUNITY BOARD #11",2018,3,2,0,0
"QUEENS COMMUNITY BOARD #11",2019,3,2,0,0
"QUEENS COMMUNITY BOARD #11",2020,3,2,0,0
"QUEENS COMMUNITY BOARD #11",2021,3,2,0,0
"QUEENS COMMUNITY BOARD #11",2022,3,2,0,0
"QUEENS COMMUNITY BOARD #11",2023,3,2,0,0
"QUEENS COMMUNITY BOARD #11",2024,3,2,0,0
"QUEENS COMMUNITY BOARD #11",2025,3,2,0,0
"QUEENS COMMUNITY BOARD #12",2014,4,3,0,0
"QUEENS COMMUNITY BOARD #12",2015,3,3,0,0
"QUEENS COMMUNITY BOARD #12",2016,3,3,0,0
"QUEENS COMMUNITY BOARD #12",2017,4,3,0,0
"QUEENS COMMUNITY BOARD #12",2018,4,3,0,0
"QUEENS COMMUNITY BOARD #12",2019,4,3,0,0
"QUEENS COMMUNITY BOARD #12",2020,4,3,0,0
"QUEENS COMMUNITY BOARD #12",2021,3,3,0,0
"QUEENS COMMUNITY BOARD #12",2022,3,3,0,0
"QUEENS COMMUNITY BOARD #12",2023,3,3,0,0
"QUEENS COMMUNITY BOARD #12",2024,3,3,0,0
"QUEENS COMMUNITY BOARD #13",2014,3,2,0,0
"QUEENS COMMUNITY BOARD #13",2015,3,2,0,0
"QUEENS COMMUNITY BOARD #13",2016,2,2,0,0
"QUEENS COMMUNITY BOARD #13",2017,3,3,0,0
"QUEENS COMMUNITY BOARD #13",2018,3,3,0,0
"QUEENS COMMUNITY BOARD #13",2019,3,3,0,0
"QUEENS COMMUNITY BOARD #13",2020,3,3,0,0
"QUEENS COMMUNITY BOARD #13",2021,3,3,0,0
"QUEENS COMMUNITY BOARD #13",2022,1,1,0,0
"QUEENS COMMUNITY BOARD #13",2023,1,1,0,0
"QUEENS COMMUNITY BOARD #13",2024,1,1,0,0
"QUEENS COMMUNITY BOARD #13",2025,1,1,0,0
"QUEENS COMMUNITY BOARD #14",2014,3,2,0,0
"QUEENS COMMUNITY BOARD #14",2015,3,2,0,0
"QUEENS COMMUNITY BOARD #14",2016,3,2,0,0
"QUEENS COMMUNITY BOARD #14",2017,3,2,0,0
"QUEENS COMMUNITY BOARD #14",2018,3,2,0,0
"QUEENS COMMUNITY BOARD #14",2019,3,2,0,0
"QUEENS COMMUNITY BOARD #14",2020,3,2,0,0
"QUEENS COMMUNITY BOARD #14",2021,3,2,0,0
"QUEENS COMMUNITY BOARD #14",2022,2,2,0,0
"QUEENS COMMUNITY BOARD #14",2023,2,2,0,0
"QUEENS COMMUNITY BOARD #14",2024,2,2,0,0
"QUEENS COMMUNITY BOARD #14",2025,3,2,0,0
"QUEENS COMMUNITY BOARD #2",2014,4,3,1,0
"QUEENS COMMUNITY BOARD #2",2015,4,3,1,0
"QUEENS COMMUNITY BOARD #2",2016,4,3,1,0
"QUEENS COMMUNITY BOARD #2",2017,4,3,1,0
"QUEENS COMMUNITY BOARD #2",2018,4,3,1,0
"QUEENS COMMUNITY BOARD #2",2019,4,3,1,0
"QUEENS COMMUNITY BOARD #2",2020,4,3,1,0
"QUEENS COMMUNITY BOARD #2",2021,4,3,1,0
"QUEENS COMMUNITY BOARD #2",2022,3,2,1,0
"QUEENS COMMUNITY BOARD #2",2023,3,2,1,0
"QUEENS COMMUNITY BOARD #2",2024,3,2,1,0
"QUEENS COMMUNITY BOARD #2",2025,3,3,0,0
"QUEENS COMMUNITY BOARD #3",2014,4,4,0,0
"QUEENS COMMUNITY BOARD #3",2015,2,2,0,0
"QUEENS COMMUNITY BOARD #3",2016,5,3,0,0
"QUEENS COMMUNITY BOARD #3",2017,4,3,0,0
"QUEENS COMMUNITY BOARD #3",2018,3,3,0,0
"QUEENS COMMUNITY BOARD #3",2019,3,3,0,0
"QUEENS COMMUNITY BOARD #3",2020,3,3,0,0
"QUEENS COMMUNITY BOARD #3",2021,3,3,0,0
"QUEENS COMMUNITY BOARD #3",2022,3,3,0,0
"QUEENS COMMUNITY BOARD #3",2023,3,3,0,0
"QUEENS COMMUNITY BOARD #3",2024,2,2,0,0
"QUEENS COMMUNITY BOARD #3",2025,2,2,0,0
"QUEENS COMMUNITY BOARD #4",2014,3,3,0,0
"QUEENS COMMUNITY BOARD #4",2015,3,3,0,0
"QUEENS COMMUNITY BOARD #4",2016,3,3,0,0
"QUEENS COMMUNITY BOARD #4",2017,3,3,0,0
"QUEENS COMMUNITY BOARD #4",2018,3,3,0,0
"QUEENS COMMUNITY BOARD #4",2019,3,3,0,0
"QUEENS COMMUNITY BOARD #4",2020,3,3,0,0
"QUEENS COMMUNITY BOARD #4",2021,3,3,0,0
"QUEENS COMMUNITY BOARD #4",2022,3,3,0,0
"QUEENS COMMUNITY BOARD #4",2023,2,2,0,0
"QUEENS COMMUNITY BOARD #4",2024,2,2,0,0
"QUEENS COMMUNITY BOARD #4",2025,2,2,0,0
"QUEENS COMMUNITY BOARD #5",2014,4,2,2,0
"QUEENS COMMUNITY BOARD #5",2015,4,2,2,0
"QUEENS COMMUNITY BOARD #5",2016,4,2,2,0
"QUEENS COMMUNITY BOARD #5",2017,4,2,2,0
"QUEENS COMMUNITY BOARD #5",2018,4,2,2,0
"QUEENS COMMUNITY BOARD #5",2019,4,2,2,0
"QUEENS COMMUNITY BOARD #5",2020,4,2,2,0
"QUEENS COMMUNITY BOARD #5",2021,4,2,2,0
"QUEENS COMMUNITY BOARD #5",2022,4,2,1,0
"QUEENS COMMUNITY BOARD #5",2023,4,2,1,0
"QUEENS COMMUNITY BOARD #5",2024,4,3,1,0
"QUEENS COMMUNITY BOARD #5",2025,3,3,0,0
"QUEENS COMMUNITY BOARD #6",2014,4,2,0,0
"QUEENS COMMUNITY BOARD #6",2015,4,2,0,0
"QUEENS COMMUNITY BOARD #6",2016,4,2,0,0
"QUEENS COMMUNITY BOARD #6",2017,4,2,0,0
"QUEENS COMMUNITY BOARD #6",2018,4,2,0,0
"QUEENS COMMUNITY BOARD #6",2019,4,3,0,0
"QUEENS COMMUNITY BOARD #6",2020,4,3,0,0
"QUEENS COMMUNITY BOARD #6",2021,4,3,0,0
"QUEENS COMMUNITY BOARD #6",2022,4,3,0,0
"QUEENS COMMUNITY BOARD #6",2023,4,3,0,0
"QUEENS COMMUNITY BOARD #6",2024,3,2,0,0
"QUEENS COMMUNITY BOARD #6",2025,3,2,0,0
"QUEENS COMMUNITY BOARD #7",2014,4,3,0,0
"QUEENS COMMUNITY BOARD #7",2015,4,3,0,0
"QUEENS COMMUNITY BOARD #7",2016,4,3,0,0
"QUEENS COMMUNITY BOARD #7",2017,4,2,1,0
"QUEENS COMMUNITY BOARD #7",2018,4,2,1,0
"QUEENS COMMUNITY BOARD #7",2019,4,2,1,0
"QUEENS COMMUNITY BOARD #7",2020,5,2,1,0
"QUEENS COMMUNITY BOARD #7",2021,4,2,1,0
"QUEENS COMMUNITY BOARD #7",2022,3,3,0,0
"QUEENS COMMUNITY BOARD #7",2023,3,3,0,0
"QUEENS COMMUNITY BOARD #7",2024,3,3,0,0
"QUEENS COMMUNITY BOARD #7",2025,3,3,0,0
"QUEENS COMMUNITY BOARD #8",2014,2,2,0,0
"QUEENS COMMUNITY BOARD #8",2015,4,3,0,0
"QUEENS COMMUNITY BOARD #8",2016,4,2,0,0
"QUEENS COMMUNITY BOARD #8",2017,4,3,0,0
"QUEENS COMMUNITY BOARD #8",2018,4,3,0,0
"QUEENS COMMUNITY BOARD #8",2019,4,3,0,0
"QUEENS COMMUNITY BOARD #8",2020,3,3,0,0
"QUEENS COMMUNITY BOARD #8",2021,4,3,1,0
"QUEENS COMMUNITY BOARD #8",2022,3,3,0,0
"QUEENS COMMUNITY BOARD #8",2023,4,3,1,0
"QUEENS COMMUNITY BOARD #8",2024,3,3,0,0
"QUEENS COMMUNITY BOARD #8",2025,3,3,0,0
"QUEENS COMMUNITY BOARD #9",2014,3,3,0,0
"QUEENS COMMUNITY BOARD #9",2015,2,2,0,0
"QUEENS COMMUNITY BOARD #9",2016,4,3,0,0
"QUEENS COMMUNITY BOARD #9",2017,4,3,0,0
"QUEENS COMMUNITY BOARD #9",2018,4,3,0,0
"QUEENS COMMUNITY BOARD #9",2019,4,3,0,0
"QUEENS COMMUNITY BOARD #9",2020,4,3,0,0
"QUEENS COMMUNITY BOARD #9",2021,4,3,0,0
"QUEENS COMMUNITY BOARD #9",2022,3,2,0,0
"QUEENS COMMUNITY BOARD #9",2023,3,2,0,0
"QUEENS COMMUNITY BOARD #9",2024,3,3,0,0
"QUEENS COMMUNITY BOARD #9",2025,3,3,0,0
"QUEENS DA",2014,607,601,6,0
"RICHMOND DA",2014,103,98,5,0
"SPEC NARCS-DA",2014,209,203,3,0
"STATEN ISLAND COMMUNITY BD #1",2014,3,3,0,0
"STATEN ISLAND COMMUNITY BD #1",2015,3,3,0,0
"STATEN ISLAND COMMUNITY BD #1",2016,3,3,0,0
"STATEN ISLAND COMMUNITY BD #1",2017,3,3,0,0
"STATEN ISLAND COMMUNITY BD #1",2018,3,3,0,0
"STATEN ISLAND COMMUNITY BD #1",2019,3,3,0,0
"STATEN ISLAND COMMUNITY BD #1",2020,3,3,0,0
"STATEN ISLAND COMMUNITY BD #1",2021,3,3,0,0
"STATEN ISLAND COMMUNITY BD #1",2022,2,2,0,0
"STATEN ISLAND COMMUNITY BD #1",2023,2,2,0,0
"STATEN ISLAND COMMUNITY BD #1",2024,2,2,0,0
"STATEN ISLAND COMMUNITY BD #1",2025,2,2,0,0
"STATEN ISLAND COMMUNITY BD #2",2014,4,1,3,0
"STATEN ISLAND COMMUNITY BD #2",2015,4,1,3,0
"STATEN ISLAND COMMUNITY BD #2",2016,4,1,3,0
"STATEN ISLAND COMMUNITY BD #2",2017,4,1,3,0
"STATEN ISLAND COMMUNITY BD #2",2018,3,1,2,0
"STATEN ISLAND COMMUNITY BD #2",2019,3,1,2,0
"STATEN ISLAND COMMUNITY BD #2",2020,2,1,1,0
"STATEN ISLAND COMMUNITY BD #2",2021,2,1,1,0
"STATEN ISLAND COMMUNITY BD #2",2022,2,1,1,0
"STATEN ISLAND COMMUNITY BD #2",2023,3,2,1,0
"STATEN ISLAND COMMUNITY BD #2",2024,2,1,1,0
"STATEN ISLAND COMMUNITY BD #2",2025,1,1,0,0
"STATEN ISLAND COMMUNITY BD #3",2014,3,3,0,0
"STATEN ISLAND COMMUNITY BD #3",2015,3,3,0,0
"STATEN ISLAND COMMUNITY BD #3",2016,3,3,0,0
"STATEN ISLAND COMMUNITY BD #3",2017,3,3,0,0
"STATEN ISLAND COMMUNITY BD #3",2018,3,3,0,0
"STATEN ISLAND COMMUNITY BD #3",2019,3,3,0,0
"STATEN ISLAND COMMUNITY BD #3",2020,3,3,0,0
"STATEN ISLAND COMMUNITY BD #3",2021,3,3,0,0
"STATEN ISLAND COMMUNITY BD #3",2022,3,3,0,0
"STATEN ISLAND COMMUNITY BD #3",2023,3,3,0,0
"STATEN ISLAND COMMUNITY BD #3",2024,3,3,0,0
"STATEN ISLAND COMMUNITY BD #3",2025,2,2,0,0
"TAX COMMISSION",2014,45,36,6,0
"TAX COMMISSION",2015,56,38,15,0
"TAX COMMISSION",2016,54,38,12,0
"TAX COMMISSION",2017,55,38,13,0
"TAX COMMISSION",2018,55,39,12,0
"TAX COMMISSION",2019,57,43,10,0
"TAX COMMISSION",2020,60,45,10,0
"TAX COMMISSION",2021,55,42,8,0
"TAX COMMISSION",2022,60,43,13,0
"TAX COMMISSION",2023,56,41,12,0
"TAX COMMISSION",2024,45,37,4,0
"TAX COMMISSION",2025,45,36,5,0
"TAXI & LIMOUSINE COMMISSION",2014,550,470,78,2
"TAXI & LIMOUSINE COMMISSION",2015,609,533,74,2
"TAXI & LIMOUSINE COMMISSION",2016,588,512,74,2
"TAXI & LIMOUSINE COMMISSION",2017,579,508,69,2
"TAXI & LIMOUSINE COMMISSION",2018,591,524,66,1
"TAXI & LIMOUSINE COMMISSION",2019,621,544,74,3
"TAXI & LIMOUSINE COMMISSION",2020,634,571,60,3
"TAXI & LIMOUSINE COMMISSION",2021,561,508,50,3
"TAXI & LIMOUSINE COMMISSION",2022,517,474,41,2
"TAXI & LIMOUSINE COMMISSION",2023,452,412,38,2
"TAXI & LIMOUSINE COMMISSION",2024,453,414,37,2
"TAXI & LIMOUSINE COMMISSION",2025,426,391,33,2
"TEACHERS RETIREMENT SYSTEM",2014,388,376,12,0
"TEACHERS RETIREMENT SYSTEM",2015,383,369,14,0
"TEACHERS RETIREMENT SYSTEM",2016,367,364,3,0
"TEACHERS RETIREMENT SYSTEM",2017,368,350,18,0
"TEACHERS RETIREMENT SYSTEM",2018,382,347,35,0
"TEACHERS RETIREMENT SYSTEM",2019,374,341,33,0
"TEACHERS RETIREMENT SYSTEM",2020,361,331,30,0
"TEACHERS RETIREMENT SYSTEM",2021,366,335,31,0
"TEACHERS RETIREMENT SYSTEM",2022,368,335,33,0
"TEACHERS RETIREMENT SYSTEM",2023,376,344,32,0
"TEACHERS RETIREMENT SYSTEM",2024,391,359,32,0
"TEACHERS RETIREMENT SYSTEM",2025,400,363,37,0
"TECHNOLOGY & INNOVATION",2023,1525,1458,67,0
"TECHNOLOGY & INNOVATION",2024,1509,1484,23,2
"TECHNOLOGY & INNOVATION",2025,1529,1479,48,2
