"title","n","median_tenure","pct_over_20","pct_over_25","pct_under_5","suppressed"
"12 MONTH SPECIAL EDUCATION ASST. PRINCIPAL",273,17.8343600273785,0.373626373626374,0.183150183150183,0,FALSE
"12 MONTH SPECIAL EDUCATION SUPERVISOR",20,,,,,TRUE
"ACCOUNTANT",251,7.89596167008898,0.159362549800797,0.0836653386454183,0.354581673306773,FALSE
"ACTUARIAL SPECIALIST LEVEL I",19,,,,,TRUE
"ACTUARIAL SPECIALIST LEVEL II OJ",1,,,,,TRUE
"ADM MANAGER NON MGRL",1450,21.3018480492813,0.547586206896552,0.388275862068966,0.0337931034482759,FALSE
"ADMIN ASST CAMPAIGN FIN BOARD",9,,,,,TRUE
"ADMIN COMMUNITY RELATIONS SPECIALIST",411,11.2498288843258,0.248175182481752,0.148418491484185,0.155717761557178,FALSE
"ADMIN CONSTRUCTION PROJECT MANAGER",77,9.8507871321013,0.142857142857143,0.0779220779220779,0.25974025974026,FALSE
"ADMIN CONTRACT SPECIALIST",48,12.3887748117728,0.354166666666667,0.1875,0.166666666666667,FALSE
"ADMIN DIR OF LABORATORY",3,,,,,TRUE
"ADMIN HOUSING DEVELOPMENT SPEC",44,11.2881587953457,0.181818181818182,0.113636363636364,0.159090909090909,FALSE
"ADMIN INSPECTOR",55,17.6125941136208,0.290909090909091,0.109090909090909,0.0181818181818182,FALSE
"ADMIN JOB OPOR SPEC MANAGERIAL",25,,,,,TRUE
"ADMIN JOB OPPORTUNITY SPEC NM",88,23.1129363449692,0.590909090909091,0.386363636363636,0.0113636363636364,FALSE
"ADMIN LANDMARKS PRESERVATIONIST",2,,,,,TRUE
"ADMIN TESTS & MEAS SPEC",6,,,,,TRUE
"ADMIN TRAFFIC ENF AGNT UNION",26,,,,,TRUE
"ADMIN TRAFFIC ENFRCMNT AGENT",3,,,,,TRUE
"ADMINISTRATIIVE TAXI & LIMOUSINE INSPECTOR",14,,,,,TRUE
"ADMINISTRATIVE ACCOUNTANT",183,12.3422313483915,0.311475409836066,0.213114754098361,0.14207650273224,FALSE
"ADMINISTRATIVE ACTUARY",11,,,,,TRUE
"ADMINISTRATIVE ARCHITECT",106,8.35592060232717,0.0471698113207547,0.0188679245283019,0.311320754716981,FALSE
"ADMINISTRATIVE ASSESSOR",5,,,,,TRUE
"ADMINISTRATIVE ASSISTANT",99,10.8090349075975,0.101010101010101,0.0707070707070707,0.151515151515152,FALSE
"ADMINISTRATIVE ASSISTANT TO COMMUNITY EDUCATION COUNCIL",29,,,,,TRUE
"ADMINISTRATIVE ASSISTANT TO THE COMPTROLLER",2,,,,,TRUE
"ADMINISTRATIVE ASSISTANT TO THE MAYOR",1,,,,,TRUE
"ADMINISTRATIVE ASSOCIATE",68,15.3032169746749,0.367647058823529,0.161764705882353,0.0588235294117647,FALSE
"ADMINISTRATIVE BLASTING INSPECTOR",1,,,,,TRUE
"ADMINISTRATIVE BOROUGH SUPERINTENDENT",2,,,,,TRUE
"ADMINISTRATIVE BUSINESS PROMOTION COORDINATOR",59,8.99110198494182,0.169491525423729,0.11864406779661,0.11864406779661,FALSE
"ADMINISTRATIVE CHIEF",17,,,,,TRUE
"ADMINISTRATIVE CITY PLANNER",156,11.9206023271732,0.205128205128205,0.108974358974359,0.0897435897435897,FALSE
"ADMINISTRATIVE CLAIM EXAMINER",23,,,,,TRUE
"ADMINISTRATIVE COMMUNITY RELATIONS SPECIALIST",99,9.7138945927447,0.222222222222222,0.141414141414141,0.131313131313131,FALSE
"ADMINISTRATIVE CONSTRUCTION PROJECT MANAGER",50,9.23613963039015,0.3,0.18,0.32,FALSE
"ADMINISTRATIVE CONSULTANT",4,,,,,TRUE
"ADMINISTRATIVE CONTRACT SPECIALIST",86,14.9185489390828,0.267441860465116,0.104651162790698,0.116279069767442,FALSE
"ADMINISTRATIVE DEPUTY REGISTER",4,,,,,TRUE
"ADMINISTRATIVE DIRECTOR OF LABORATORY",17,,,,,TRUE
"ADMINISTRATIVE DIRECTOR OF MARINE MAINTENANCE",3,,,,,TRUE
"ADMINISTRATIVE DIRECTOR OF RESIDENTIAL CHILD CARE",55,8.48733744010951,0.0181818181818182,0.0181818181818182,0.181818181818182,FALSE
"ADMINISTRATIVE DIRECTOR OF SOCIAL SERVICES",592,17.4305270362765,0.410472972972973,0.266891891891892,0.0878378378378378,FALSE
"ADMINISTRATIVE EDUCATION ANALYST",343,16.3285420944559,0.341107871720117,0.209912536443149,0.0408163265306122,FALSE
"ADMINISTRATIVE EDUCATION OFFICER",326,10.807665982204,0.208588957055215,0.113496932515337,0.0429447852760736,FALSE
"ADMINISTRATIVE ENERGY CONSERVATION SPECIALIST",5,,,,,TRUE
"ADMINISTRATIVE ENGINEER",451,17.0376454483231,0.383592017738359,0.259423503325942,0.0776053215077605,FALSE
"ADMINISTRATIVE FIRE PROTECTION INSPECTOR",17,,,,,TRUE
"ADMINISTRATIVE GRAPHIC ARTIST",35,7.22518822724162,0.114285714285714,0.0571428571428571,0.428571428571429,FALSE
"ADMINISTRATIVE HORTICULTURIST",49,10.6365503080082,0.142857142857143,0.102040816326531,0.122448979591837,FALSE
"ADMINISTRATIVE HOUSING DEVELOPMENT SPECIALIST",39,8.91170431211499,0.17948717948718,0.102564102564103,0.128205128205128,FALSE
"ADMINISTRATIVE HOUSING MANAGER",31,30.5763175906913,0.870967741935484,0.774193548387097,0,FALSE
"ADMINISTRATIVE HOUSING SUPERINTENDENT",120,30.0643394934976,0.775,0.716666666666667,0,FALSE
"ADMINISTRATIVE INSPECTOR",75,9.31416837782341,0.266666666666667,0.186666666666667,0.293333333333333,FALSE
"ADMINISTRATIVE INVESTIGATOR",56,29.025325119781,0.75,0.660714285714286,0.0714285714285714,FALSE
"ADMINISTRATIVE JUVENILE COUNSELOR",2,,,,,TRUE
"ADMINISTRATIVE LABOR RELATIONS ANALYST",31,9.42915811088296,0.0967741935483871,0.0645161290322581,0.225806451612903,FALSE
"ADMINISTRATIVE LANDMARKS PRESERVATIONIST",8,,,,,TRUE
"ADMINISTRATIVE LANDSCAPE ARCHITECT",5,,,,,TRUE
"ADMINISTRATIVE LAW JUDGE",17,,,,,TRUE
"ADMINISTRATIVE MANAGEMENT AUDITOR",112,14.2203969883641,0.294642857142857,0.205357142857143,0.0892857142857143,FALSE
"ADMINISTRATIVE MANAGER",119,19.9726214921287,0.495798319327731,0.319327731092437,0.092436974789916,FALSE
"ADMINISTRATIVE NUTRITIONIST",5,,,,,TRUE
"ADMINISTRATIVE PARKS & RECREATION MANAGER",99,20.5256673511294,0.555555555555556,0.242424242424242,0.0606060606060606,FALSE
"ADMINISTRATIVE PRINTING SERVICES MANAGER",12,,,,,TRUE
"ADMINISTRATIVE PROBATION OFFICER",22,,,,,TRUE
"ADMINISTRATIVE PROCUREMENT ANALYST",65,10.2258726899384,0.276923076923077,0.2,0.230769230769231,FALSE
"ADMINISTRATIVE PROCUREMENT ANALYST NON MGRL",279,12.0355920602327,0.344086021505376,0.225806451612903,0.186379928315412,FALSE
"ADMINISTRATIVE PROGRAM OFFICER",41,3.46885694729637,0.0975609756097561,0.048780487804878,0.585365853658537,FALSE
"ADMINISTRATIVE PROJECT DIRECTOR",24,,,,,TRUE
"ADMINISTRATIVE PROJECT MANAGER",430,13.741273100616,0.283720930232558,0.190697674418605,0.0744186046511628,FALSE
"ADMINISTRATIVE PSYCHOLOGIST",8,,,,,TRUE
"ADMINISTRATIVE PUBLIC HEALTH NURSE",41,7.83846680355921,0.268292682926829,0.219512195121951,0.317073170731707,FALSE
"ADMINISTRATIVE PUBLIC HEALTH SANITARIAN",37,16.2327173169062,0.405405405405405,0.243243243243243,0.135135135135135,FALSE
"ADMINISTRATIVE PUBLIC INFORMATION SPECIALIST",43,9.12525667351129,0.0232558139534884,0,0.255813953488372,FALSE
"ADMINISTRATIVE PUBLIC INFORMATION SPECIALIST NM FORMER M1/M2",26,,,,,TRUE
"ADMINISTRATIVE PUBLIC RECORDS OFFICER",13,,,,,TRUE
"ADMINISTRATIVE QUALITY ASSURANCE SPECIALIST",72,12.9555099247091,0.319444444444444,0.180555555555556,0.0277777777777778,FALSE
"ADMINISTRATIVE REAL PROPERTY MANAGER",40,5.09787816563997,0.2,0.175,0.475,FALSE
"ADMINISTRATIVE RETIREMENT BENEFITS SPECIALIST",73,17.8617385352498,0.47945205479452,0.356164383561644,0.205479452054795,FALSE
"ADMINISTRATIVE RETIREMENTS BENEFITS SPECIALIST",27,,,,,TRUE
"ADMINISTRATIVE SCHOOL FOOD SERVICE MANAGER",19,,,,,TRUE
"ADMINISTRATIVE SPACE ANALYST",58,3.62217659137577,0.206896551724138,0.137931034482759,0.517241379310345,FALSE
"ADMINISTRATIVE STAFF ANALYST",1887,13.2539356605065,0.303656597774245,0.203497615262321,0.135665076841547,FALSE
"ADMINISTRATIVE STOREKEEPER",23,,,,,TRUE
"ADMINISTRATIVE SUPERINTENDENT OF BRIDGE OPERATIONS",2,,,,,TRUE
"ADMINISTRATIVE SUPERINTENDENT OF HIGHWAY OPERATIONS",21,,,,,TRUE
"ADMINISTRATIVE SUPERVISOR OF BUILDING MAINTENANCE",67,8.3750855578371,0.26865671641791,0.17910447761194,0.313432835820896,FALSE
"ADMINISTRATIVE SUPERVISOR OF SKILLED TRADES",5,,,,,TRUE
"ADMINISTRATIVE TAX AUDITOR",31,34.6694045174538,0.580645161290323,0.580645161290323,0,FALSE
"ADMINISTRATIVE TRANSPORTATION COORDINATOR",19,,,,,TRUE
"ADMINISTRATOR",8,,,,,TRUE
"ADMINISTRATOR OF MEDICAL AFFAIRS",1,,,,,TRUE
"ADMINISTRATOR SUPT CAMPUS B/G",9,,,,,TRUE
"ADULT ED 30 H",8,,,,,TRUE
"ADULT EDUCAT TEACH REG SUB",1,,,,,TRUE
"ADULT EDUCATION TEACHER",148,22.0643394934976,0.662162162162162,0.324324324324324,0.00675675675675676,FALSE
"ADVISOR FOR GAY LESBIAN TRANSGENDER ISSUES",1,,,,,TRUE
"AGENCY ATTORNEY",946,4.26557152635181,0.0866807610993657,0.025369978858351,0.519027484143763,FALSE
"AGENCY ATTORNEY DC37",5,,,,,TRUE
"AGENCY ATTORNEY INTERNE",129,0.804928131416838,0.00775193798449612,0.00775193798449612,0.968992248062015,FALSE
"AGENCY CHIEF CONTRACTING OFFICER",31,3.87132101300479,0.0967741935483871,0.032258064516129,0.548387096774194,FALSE
"AGENCY CHIEF DECARBONIZATION OFFICER",5,,,,,TRUE
"AGENCY DEPUTY MEDICAL DIRECTOR",12,,,,,TRUE
"AGENCY MEDICAL DIRECTOR",12,,,,,TRUE
"AIR POLLUTION INSPECTOR",40,5.95071868583162,0.075,0.025,0.4,FALSE
"ANALYST",122,2.7378507871321,0.040983606557377,0.0327868852459016,0.721311475409836,FALSE
"ANNUAL ED PARA",24779,10.6557152635181,0.218249324024375,0.145243956576133,0.228742079987086,FALSE
"APPRAISER",9,,,,,TRUE
"APPRENTICE",65,2.01232032854209,0,0,0.969230769230769,FALSE
"APPRENTICE INSPECTOR",107,2.67214236824093,0.00934579439252336,0.00934579439252336,0.691588785046729,FALSE
"ARCHITECT",57,6.47775496235455,0.192982456140351,0.157894736842105,0.473684210526316,FALSE
"ARCHITECTURAL INTERN",1,,,,,TRUE
"AREA MANAGER OF SCHOOL MAINTENANCE",24,,,,,TRUE
"AREA SUPERVISOR",59,28.6543463381246,0.932203389830508,0.779661016949153,0,FALSE
"ASBESTOS HANDLER",32,5.35797399041752,0.21875,0.09375,0.5,FALSE
"ASBESTOS HANDLER SUPERVISOR",8,,,,,TRUE
"ASBESTOS HAZARD INVESTIGATOR",4,,,,,TRUE
"ASIST SYSTMS ANALYST",1,,,,,TRUE
"ASPHALT PLANT MANAGER",2,,,,,TRUE
"ASS COMMISSIONER DESIGN AND CONSTRUCTION MANAGEMENT",1,,,,,TRUE
"ASSIST COMMISSIONER",1,,,,,TRUE
"ASSIST COMMISSIONER FOR POLICY ANALYSIS & PROG DEVE",1,,,,,TRUE
"ASSIST COORDINATING MANAGER",2,,,,,TRUE
"ASSISTANCE FINANCE OFFICER",2,,,,,TRUE
"ASSISTANT ACCOUNTANT",1,,,,,TRUE
"ASSISTANT ADMINISTRATOR",7,,,,,TRUE
"ASSISTANT ADMINISTRATOR OF PUBLIC AFFAIRS",1,,,,,TRUE
"ASSISTANT ADVOCATE PD",1,,,,,TRUE
"ASSISTANT ARCHITECT",75,8.66255989048597,0.0933333333333333,0.0533333333333333,0.346666666666667,FALSE
"ASSISTANT BUDGET ANALYST",15,,,,,TRUE
"ASSISTANT CAPTAIN",13,,,,,TRUE
"ASSISTANT CHEMICAL ENGINEER",20,,,,,TRUE
"ASSISTANT CHIEF FIRE MARSHAL",1,,,,,TRUE
"ASSISTANT CHIEF OF DEPARTMENT",8,,,,,TRUE
"ASSISTANT CHIEF RACKET INVESTIGATOR",1,,,,,TRUE
"ASSISTANT CITY ASSESSOR",34,0.459958932238193,0,0,0.735294117647059,FALSE
"ASSISTANT CITY HIGHWAY REPAIRER",225,6.2861054072553,0.00888888888888889,0.00444444444444444,0.00888888888888889,FALSE
"ASSISTANT CIVIL ENGINEER",303,3.66050650239562,0.0858085808580858,0.0297029702970297,0.534653465346535,FALSE
"ASSISTANT COLLEGE SECURITY DIRECTOR",12,,,,,TRUE
"ASSISTANT COMMISSIONER",77,3.73716632443532,0.12987012987013,0.103896103896104,0.532467532467532,FALSE
"ASSISTANT COMMISSIONER CITYWIDE PYMT SVCS & STNDS",1,,,,,TRUE
"ASSISTANT COMMISSIONER FOR FACILITIES DEVELOPMENT & CONST",1,,,,,TRUE
"ASSISTANT COMMISSIONER FOR PROGRAM DEVELOPMENT",1,,,,,TRUE
"ASSISTANT COMMISSIONER OF INFORMATION TECHNOLOGY",1,,,,,TRUE
"ASSISTANT COMMISSIONER OF LABOR RELATIONS",7,,,,,TRUE
"ASSISTANT COMMISSIONER TAX POLICY",1,,,,,TRUE
"ASSISTANT COMPTROLLER",7,,,,,TRUE
"ASSISTANT COMPTROLLER OF IT",1,,,,,TRUE
"ASSISTANT CORPORATION COUNSEL",720,6.23819301848049,0.1875,0.1125,0.4625,FALSE
"ASSISTANT COUNSEL",2,,,,,TRUE
"ASSISTANT COUNSEL PD",4,,,,,TRUE
"ASSISTANT DEAN",8,,,,,TRUE
"ASSISTANT DEPUTY ADMINISTRATOR",2,,,,,TRUE
"ASSISTANT DEPUTY COMMISSIONER",1,,,,,TRUE
"ASSISTANT DEPUTY COMMISSIONER SS",4,,,,,TRUE
"ASSISTANT DIR OF ADMINISTRATION",1,,,,,TRUE
"ASSISTANT DIRECTOR",10,,,,,TRUE
"ASSISTANT DIRECTOR OF ADMINISTRATION",7,,,,,TRUE
"ASSISTANT DIRECTOR OF EDUCATION",1,,,,,TRUE
"ASSISTANT DIRECTOR OF FINANCE",3,,,,,TRUE
"ASSISTANT DIRECTOR OF INTERGROUP RELATIONS",1,,,,,TRUE
"ASSISTANT DIRECTOR OF LEGAL SERVICES",18,,,,,TRUE
"ASSISTANT DIRECTOR OF NEIGHBORHOOD SAFETY",2,,,,,TRUE
"ASSISTANT DIRECTOR OF TOXICOLOGY",1,,,,,TRUE
"ASSISTANT DISTRICT ATTORNEY",2043,3.69883641341547,0.11062163485071,0.0773372491434165,0.608418991678904,FALSE
"ASSISTANT DISTRICT MANAGER",3,,,,,TRUE
"ASSISTANT ELECTRICAL ENGINEER",73,3.44695414099932,0.0958904109589041,0.0410958904109589,0.547945205479452,FALSE
"ASSISTANT ENVIRONMENTAL ENGINEER",55,4.23545516769336,0.0545454545454545,0.0181818181818182,0.509090909090909,FALSE
"ASSISTANT EXECUTIVE DIRECTOR",12,,,,,TRUE
"ASSISTANT EXECUTIVE SECRETARY",1,,,,,TRUE
"ASSISTANT HOUSING MANAGER",177,16.3641341546886,0.384180790960452,0.288135593220339,0.0847457627118644,FALSE
"ASSISTANT LANDSCAPE ARCHITECT",25,,,,,TRUE
"ASSISTANT LEGISLATIVE REPRESENTATIVE",4,,,,,TRUE
"ASSISTANT MECHANICAL ENGINEER",109,4.00547570157426,0.0825688073394495,0.055045871559633,0.532110091743119,FALSE
"ASSISTANT MEDIA SERVICES TECHNICAN",1,,,,,TRUE
"ASSISTANT PLAN EXAMINER",147,5.46201232032854,0.0272108843537415,0.00680272108843537,0.496598639455782,FALSE
"ASSISTANT PRINCIPAL",3372,20.8104038329911,0.512455516014235,0.25711743772242,0.0068208778173191,FALSE
"ASSISTANT PRINCIPAL ADMIN",1,,,,,TRUE
"ASSISTANT PRINCIPAL ASSIGNED",29,,,,,TRUE
"ASSISTANT PRINCIPAL CUSTODIAL SUPERVISOR",1,,,,,TRUE
"ASSISTANT PRINTING PRESS OPERATOR",17,,,,,TRUE
"ASSISTANT PROFESSOR",317,7.42231348391513,0.135646687697161,0.0630914826498423,0.258675078864353,FALSE
"ASSISTANT RESIDENT BUILDING SUPT",201,13.1663244353183,0.288557213930348,0.208955223880597,0.0845771144278607,FALSE
"ASSISTANT RETIREMENT BENEFITS EXAMINER",121,1.70841889117043,0.0165289256198347,0.0165289256198347,0.958677685950413,FALSE
"ASSISTANT SERGEANT AT ARMS",12,,,,,TRUE
"ASSISTANT SUPERINTENDENT",192,24.4435318275154,0.796875,0.432291666666667,0,FALSE
"ASSISTANT SUPERINTENDENT OF WELFARE SHELTERS",43,11.0937713894593,0.372093023255814,0.209302325581395,0.209302325581395,FALSE
"ASSISTANT TEACHER",7,,,,,TRUE
"ASSISTANT TO COMMISSIONER",1,,,,,TRUE
"ASSISTANT TO HEO",299,5.34702258726899,0.0535117056856187,0.0267558528428094,0.491638795986622,FALSE
"ASSISTANT TO THE CHAIRMAN",1,,,,,TRUE
"ASSISTANT TO THE COMMISSIONER",2,,,,,TRUE
"ASSISTANT TO THE COMMISSIONER OF PARKS AND RECREATION",1,,,,,TRUE
"ASSISTANT TO THE COMPTROLLER",1,,,,,TRUE
"ASSISTANT TO THE DEPUTY COMMISSIONER",1,,,,,TRUE
"ASSISTANT TO THE DEPUTY MAYOR",5,,,,,TRUE
"ASSISTANT TO THE MAYOR",1,,,,,TRUE
"ASSISTANT TO THE PRESIDENT",34,3.44695414099932,0.0294117647058824,0.0294117647058824,0.852941176470588,FALSE
"ASSISTANT TO THE PUBLIC ADVOCATE",22,,,,,TRUE
"ASSISTANT TRANSPORTATION SPECIALIST",7,,,,,TRUE
"ASSISTANT URBAN DESIGNER",7,,,,,TRUE
"ASSISTANT VICE PRESIDENT",14,,,,,TRUE
"ASSOC COMMISSIONER FOR PLANNING REVIEW AND EVALUATION",1,,,,,TRUE
"ASSOC INSPECTOR",22,,,,,TRUE
"ASSOC SPVR OF SCHOOL SECURITY",34,22.993839835729,0.705882352941177,0.411764705882353,0,FALSE
"ASSOC SUPVR OF SCHL SEC",3,,,,,TRUE
"ASSOC WATER USE INSPECTOR MGRL",1,,,,,TRUE
"ASSOCIATE ADMINISTRATOR",15,,,,,TRUE
"ASSOCIATE AIR POLLUTION INSPR",24,,,,,TRUE
"ASSOCIATE ARTS PROGRAMS SPECIALIST",17,,,,,TRUE
"ASSOCIATE BENEFITS OPPORTUNITY SPECIALIST",650,18.3791923340178,0.435384615384615,0.32,0.02,FALSE
"ASSOCIATE CALL CENTER REPRESENTATIVE NON SPVR",40,13.8754277891855,0.225,0.025,0.025,FALSE
"ASSOCIATE CHEMIST",127,13.2621492128679,0.228346456692913,0.118110236220472,0.244094488188976,FALSE
"ASSOCIATE COMMISSIONER",9,,,,,TRUE
"ASSOCIATE COMMISSIONER FOR ADULT SERVICES",1,,,,,TRUE
"ASSOCIATE COMMISSIONER FOR EMPLOYMENT SERVICE",1,,,,,TRUE
"ASSOCIATE COMMISSIONER FOR MANAGEMENT",2,,,,,TRUE
"ASSOCIATE CONTRACT SPECIALIST",70,7.76180698151951,0.128571428571429,0.0571428571428571,0.328571428571429,FALSE
"ASSOCIATE CORRECTIONAL COUNSELOR",41,8.79671457905544,0.048780487804878,0,0.195121951219512,FALSE
"ASSOCIATE DEAN",7,,,,,TRUE
"ASSOCIATE DIRECTOR OFFICE OF NEIGHBORHOOD SAFETY",1,,,,,TRUE
"ASSOCIATE EDUCATION ANALYST",68,6.05886379192334,0.0882352941176471,0.0588235294117647,0.426470588235294,FALSE
"ASSOCIATE EXECUTIVE PROGRAM MANAGER",1,,,,,TRUE
"ASSOCIATE FINGERPRINT TECHNICIAN",21,,,,,TRUE
"ASSOCIATE FIRE PROTECTION INSPECTOR",218,11.6139630390144,0.155963302752294,0.0779816513761468,0.00458715596330275,FALSE
"ASSOCIATE FRAUD INVESTIGATOR",219,24.7173169062286,0.680365296803653,0.470319634703196,0.0365296803652968,FALSE
"ASSOCIATE HOUSING DEVELOPMENT SPECIALIST",154,5.27994524298426,0.0714285714285714,0.0454545454545455,0.493506493506494,FALSE
"ASSOCIATE HUMAN RIGHTS SPECIALIST",15,,,,,TRUE
"ASSOCIATE INSPECTOR",155,17.6125941136208,0.296774193548387,0.154838709677419,0.0903225806451613,FALSE
"ASSOCIATE INVESTIGATOR",120,9.63860369609856,0.3,0.216666666666667,0.275,FALSE
"ASSOCIATE JOB OPPORTUNITY SPECIALIST",1,,,,,TRUE
"ASSOCIATE LABOR RELATIONS ANALYST",21,,,,,TRUE
"ASSOCIATE LABORATORY MICROBIOLOGIST",91,6.32443531827515,0.252747252747253,0.164835164835165,0.417582417582418,FALSE
"ASSOCIATE LANDMARKS PRESERVATIONIST",1,,,,,TRUE
"ASSOCIATE OPERATIONS COMMUNICATIONS SPECIALIST",3,,,,,TRUE
"ASSOCIATE PARK SERVICE WORKER",255,9.23750855578371,0.184313725490196,0.125490196078431,0.286274509803922,FALSE
"ASSOCIATE PARKING CONTROL SPECIALIST",2,,,,,TRUE
"ASSOCIATE PROFESSOR",586,12.8240930869268,0.189419795221843,0.0716723549488055,0.00170648464163823,FALSE
"ASSOCIATE PROJECT MANAGER",456,9.29500342231348,0.208333333333333,0.144736842105263,0.239035087719298,FALSE
"ASSOCIATE PUBLIC HEALTH SANITARIAN",206,14.4394250513347,0.296116504854369,0.160194174757282,0.0825242718446602,FALSE
"ASSOCIATE PUBLIC INFORMATION SPECIALIST",12,,,,,TRUE
"ASSOCIATE PUBLIC RECORDS OFFICER",22,,,,,TRUE
"ASSOCIATE QUALITY ASSURANCE SPECIALIST",40,9.20054757015743,0.175,0.075,0.05,FALSE
"ASSOCIATE REAL PROPERTY MANAGER",23,,,,,TRUE
"ASSOCIATE REHABILITATION SPECIALIST",1,,,,,TRUE
"ASSOCIATE RETIREMENT BENEFITS EXAMINER",305,9.42915811088296,0.19672131147541,0.124590163934426,0.259016393442623,FALSE
"ASSOCIATE SANITATION ENFORCEMENT AGENT",32,20.2190280629706,0.53125,0.1875,0,FALSE
"ASSOCIATE SCHOOL FOOD SERVICE MANAGER",44,20.4777549623546,0.5,0.272727272727273,0.0227272727272727,FALSE
"ASSOCIATE STAFF ANALYST",717,8.26009582477755,0.177126917712692,0.117154811715481,0.297071129707113,FALSE
"ASSOCIATE TAXI & LIMOUSINE INSPECTOR",41,19.9534565366188,0.48780487804878,0.219512195121951,0,FALSE
"ASSOCIATE TRAFFIC ENFORCEMENT AGENT",405,18.5242984257358,0.434567901234568,0.195061728395062,0.00740740740740741,FALSE
"ASSOCIATE URBAN DESIGNER",38,2.37645448323066,0.0789473684210526,0.0263157894736842,0.631578947368421,FALSE
"ASSOCIATE URBAN PARK RANGER",109,7.419575633128,0.110091743119266,0.0458715596330275,0.293577981651376,FALSE
"ASSOCIATE WATER USE INPECTOR",35,15.3127994524298,0.485714285714286,0.457142857142857,0,FALSE
"ASSOCIATE YOUTH DEVELOPMENT SPECIALIST",69,8.62422997946612,0,0,0.0579710144927536,FALSE
"ASST COMMISSIONER",4,,,,,TRUE
"ASST COMMISSIONER FOR AGENCY PREPAREDNESS AND RESPONSE",1,,,,,TRUE
"ASST COMMISSIONER FOR PLANNING & PRG DEVE",1,,,,,TRUE
"ASST COMMISSIONER FOR POLICY AND COMMUNITY RESILIENCE",1,,,,,TRUE
"ASST COMMISSIONER FOR PUBLIC & LEGIS AFFAIRS",1,,,,,TRUE
"ASST DIR OF INTERGVNMENTAL RELTNS FOR THE ALBANY OFFICE",1,,,,,TRUE
"ASST PB HLTH ADV",1,,,,,TRUE
"ASST TO THE CHAIRMAN",1,,,,,TRUE
"AST COMMISSIONER FOR POLICY AND COMMUNITY RESILIENCE",1,,,,,TRUE
"ATTORNEY AT LAW",23,,,,,TRUE
"ATTORNEY CAMPAIGN FIN BOARD",1,,,,,TRUE
"AUTO BODY WORKER",23,,,,,TRUE
"AUTOMOTIVE SERVICE WORKER",86,2.75975359342916,0.0116279069767442,0,0.674418604651163,FALSE
"AUTOMOTIVE SPECIALIST",1,,,,,TRUE
"BATTALION CHIEF",341,25.6262833675565,0.920821114369501,0.513196480938416,0,FALSE
"BENEFITS OPPORTUNITY SPECIALIST",1468,2.37645448323066,0.0579019073569482,0.0326975476839237,0.591280653950954,FALSE
"BOOKBINDER",3,,,,,TRUE
"BOOKKEEPER",190,10.7323750855578,0.2,0.110526315789474,0.326315789473684,FALSE
"BOROUGH COMMISSIONER",15,,,,,TRUE
"BOROUGH MANAGER OFFICE OF NEIGHBORHOOD SAFETY",5,,,,,TRUE
"BOROUGH PRESIDENT",5,,,,,TRUE
"BRIDGE OPERATOR",64,12.1409993155373,0.328125,0.203125,0.203125,FALSE
"BUDGET ANALYST",467,3.14305270362765,0.0663811563169165,0.0321199143468951,0.635974304068523,FALSE
"BUREAU CHIEF COMMUNITY ENGAGAMENT",1,,,,,TRUE
"BUSINESS DATA AND REPORTING ANALYST",29,,,,,TRUE
"BUSINESS PROMOTION COORDINATOR",32,10.6036960985626,0.125,0.0625,0.0625,FALSE
"BUSINESS RESEARCH & DATA ANALYTICS SPECIALIST",31,1.72210814510609,0,0,1,FALSE
"CALL CENTER REPRESENTATIVE",227,2.33812457221081,0.0352422907488987,0,0.634361233480176,FALSE
"CAMPUS PEACE OFFICER",74,8.75290896646133,0.108108108108108,0.0540540540540541,0.324324324324324,FALSE
"CAMPUS PUBLIC SAFETY SERGEANT",43,11.3921971252567,0.255813953488372,0.186046511627907,0.162790697674419,FALSE
"CAMPUS SECURITY ASSISTANT",103,6.24777549623546,0,0,0.475728155339806,FALSE
"CAPT DET CHIEF OF DEPARTMENT",1,,,,,TRUE
"CAPT DET CHIEF OF INTERNAL AFFAIRS",1,,,,,TRUE
"CAPT DET CHIEF OF THE HOUSING BUREAU",1,,,,,TRUE
"CAPT DET CHIEF OF THE TRANSIT BUREAU",1,,,,,TRUE
"CAPTAIN",1487,19.4715947980835,0.445191661062542,0.162071284465367,0.00201748486886348,FALSE
"CAPTAIN CHIEF OF TRANSPORTATION BUREAU",1,,,,,TRUE
"CAPTAIN D/A DEPUTY CHIEF",88,28.9500342231348,0.965909090909091,0.738636363636364,0,FALSE
"CAPTAIN D/A DEPUTY INSPECTOR",156,20.9965776865161,0.653846153846154,0.320512820512821,0,FALSE
"CAPTAIN D/A INSPECTOR",105,25.9822039698836,0.876190476190476,0.523809523809524,0,FALSE
"CAPTAIN DETAILED AS ASSISTANT CHIEF",20,,,,,TRUE
"CAPTAIN DETAILED AS CHIEF OF CRIME CONTROL STRATEGIES",1,,,,,TRUE
"CAPTAIN DETAILED AS CHIEF OF DETECTIVES",1,,,,,TRUE
"CAPTAIN DETAILED AS CHIEF OF PATROL",1,,,,,TRUE
"CAPTAIN DETAILED AS CHIEF OF PERSONNEL",1,,,,,TRUE
"CAPTAIN DETAILED AS CHIEF OF SPECIAL OPERATIONS",1,,,,,TRUE
"CAPTAIN DETAILED AS CHIEF OF TRAINING",1,,,,,TRUE
"CARETAKER",3394,4.78302532511978,0.102533883323512,0.0580436063641721,0.515026517383618,FALSE
"CASE MANAGEMENT NURSE",59,4.77207392197125,0.0338983050847458,0.0169491525423729,0.508474576271186,FALSE
"CASEWORKER",1166,6.92813141683778,0.215265866209262,0.112349914236707,0.424528301886792,FALSE
"CASHIER",37,6.15195071868583,0.216216216216216,0.162162162162162,0.351351351351351,FALSE
"CERTIFIED APPLICATIONS DEVELOPER",2,,,,,TRUE
"CERTIFIED DATABASE ADMINISTRATOR",3,,,,,TRUE
"CERTIFIED IT ADMINISTRATOR",482,10.3490759753593,0.132780082987552,0.0477178423236514,0.128630705394191,FALSE
"CERTIFIED IT DEVELOPER",224,8.30800821355236,0.0357142857142857,0,0.133928571428571,FALSE
"CERTIFIED LOCAL AREA NETWORK ADMINISTRATOR",12,,,,,TRUE
"CERTIFIED WIDE AREA NETWORK ADMINISTRATOR",3,,,,,TRUE
"CHAIR",1,,,,,TRUE
"CHAIR LANDMARKS PRESERVATION COMMISSION",1,,,,,TRUE
"CHAIRMAN",2,,,,,TRUE
"CHAIRMAN COMMISSION ON HUMAN RIGHTS",1,,,,,TRUE
"CHANCELLOR",1,,,,,TRUE
"CHAPLAIN",15,,,,,TRUE
"CHAUFFEUR",1,,,,,TRUE
"CHAUFFEUR ATTENDANT",29,,,,,TRUE
"CHEMICAL ENGINEER",2,,,,,TRUE
"CHEMICAL ENGINEERING INTERN",3,,,,,TRUE
"CHIEF ACTUARY",1,,,,,TRUE
"CHIEF ADMINISTRATIVE LAW JUDGE",1,,,,,TRUE
"CHIEF ADMINISTRATIVE SUPT CAMPUS B/G",4,,,,,TRUE
"CHIEF ADMINISTRATOR OF IMPARTIAL HEARINGS",1,,,,,TRUE
"CHIEF ADMINISTRATOR SUPT CAMPUS B/G",1,,,,,TRUE
"CHIEF ADVISOR PUBLIC SPACE POLICY",1,,,,,TRUE
"CHIEF CARETAKER",4,,,,,TRUE
"CHIEF CITY MEDICAL EXAMINER",1,,,,,TRUE
"CHIEF CLERK",4,,,,,TRUE
"CHIEF COLLEGE LAB TECHNICIAN",22,,,,,TRUE
"CHIEF DIVERSITY OFFICER DOE",1,,,,,TRUE
"CHIEF DOCKMASTER",3,,,,,TRUE
"CHIEF EFFECTIVENESS OFFICER",1,,,,,TRUE
"CHIEF FINANCIAL OFFICER",1,,,,,TRUE
"CHIEF FIRE MARSHAL",1,,,,,TRUE
"CHIEF INFORMATION OFFICER",2,,,,,TRUE
"CHIEF INFORMATION TECHNOLOGY OFFICER",2,,,,,TRUE
"CHIEF INVESTIGATING ACCOUNTANT",27,,,,,TRUE
"CHIEF INVESTIGATOR",1,,,,,TRUE
"CHIEF MARINE ENGINEER",33,17.305954825462,0.303030303030303,0.242424242424242,0.0909090909090909,FALSE
"CHIEF OF CITY SHERIFF OPERATIONS",1,,,,,TRUE
"CHIEF OF DEPARTMENT",1,,,,,TRUE
"CHIEF OF HOUSING COMMUNITY ACTIVITIES",22,,,,,TRUE
"CHIEF OF INFORMATION TECHNOLOGY",1,,,,,TRUE
"CHIEF OF STAFF",9,,,,,TRUE
"CHIEF OF STAFF TO FIRST DEPUTY COMMISSIONER",1,,,,,TRUE
"CHIEF OF STAFF TO THE CHANCELLOR",1,,,,,TRUE
"CHIEF OF STAFF TO THE DEPUTY CHANCELLOR",3,,,,,TRUE
"CHIEF OF STAFF TO THE DEPUTY CHANCELLOR DOE",1,,,,,TRUE
"CHIEF OF STAFF TO THE MAYOR",1,,,,,TRUE
"CHIEF OF STUDENT PATHWAYS DOE",1,,,,,TRUE
"CHIEF PENSION INVESTMENT ADVISOR FINANCE",1,,,,,TRUE
"CHIEF PUBLICATIONS & REPORTS",1,,,,,TRUE
"CHIEF RACKETS INVESTIGATOR",5,,,,,TRUE
"CHIEF SCHOOL BUSINESS EXECUTIVE",1,,,,,TRUE
"CHIEF SERVICE OFFICER OF NYC SERVICE",1,,,,,TRUE
"CHIEF STRATEGY OFFICER",1,,,,,TRUE
"CHIEF STRATEGY OFFICER DOE",1,,,,,TRUE
"CHIEF STRATEGY OFFICER/DIVISION DOE",1,,,,,TRUE
"CHIEF TAX COMPLIANCE OFFICER",1,,,,,TRUE
"CHILD AND FAMILY SPECIALIST",176,13.3100616016427,0.335227272727273,0.289772727272727,0.125,FALSE
"CHILD PROTECTIVE SPECIALIST",2080,5.94113620807666,0.0735576923076923,0.0418269230769231,0.461538461538462,FALSE
"CHILD PROTECTIVE SPECIALIST SUPERVISOR",491,19.7782340862423,0.488798370672098,0.319755600814664,0.00407331975560081,FALSE
"CHILD WELFARE SPECIALIST",147,18.570841889117,0.442176870748299,0.394557823129252,0.0816326530612245,FALSE
"CHILD WELFARE SPECIALIST SUPERVISOR",89,26.1601642710472,0.606741573033708,0.528089887640449,0,FALSE
"CITY ASSESSOR",124,6.5160848733744,0.145161290322581,0.112903225806452,0.112903225806452,FALSE
"CITY ATTENDANT",68,9.38945927446954,0.0735294117647059,0.0588235294117647,0.294117647058824,FALSE
"CITY CHIEF DECARBONIZATION OFFICER",1,,,,,TRUE
"CITY CLERK & CLERK OF COUNCIL",1,,,,,TRUE
"CITY COLLECTOR",1,,,,,TRUE
"CITY CUSTODIAL ASSISTANT",652,8.83504449007529,0.131901840490798,0.044478527607362,0.306748466257669,FALSE
"CITY DEBRIS REMOVER",1,,,,,TRUE
"CITY DEPUTY MEDICAL DIRECTOR",2,,,,,TRUE
"CITY ELEVATOR OPERATOR",1,,,,,TRUE
"CITY LABORER",3,,,,,TRUE
"CITY MEDICAL DIRECTOR",3,,,,,TRUE
"CITY MEDICAL EXAMINER",21,,,,,TRUE
"CITY MEDICAL SPECIALIST",19,,,,,TRUE
"CITY MORTUARY TECHNICIAN",14,,,,,TRUE
"CITY PARK WORKER",949,4.14784394250513,0.0864067439409905,0.0442571127502634,0.556375131717597,FALSE
"CITY PARKING EQUIPMENT SERVICE WORKER",52,13.4236824093087,0.288461538461538,0.115384615384615,0.269230769230769,FALSE
"CITY PEST CONTROL AIDE",40,1.81930184804928,0.1,0.1,0.875,FALSE
"CITY PLANNER",289,6.2094455852156,0.0761245674740484,0.0622837370242214,0.394463667820069,FALSE
"CITY PLANNING TECHNICIAN",1,,,,,TRUE
"CITY REGISTER",1,,,,,TRUE
"CITY RESEARCH SCIENTIST",1513,3.66050650239562,0.0568407138136153,0.023132848645076,0.545274289491077,FALSE
"CITY SECURITY AIDE",22,,,,,TRUE
"CITY TAX AUDITOR",278,7.49075975359343,0.172661870503597,0.151079136690647,0.330935251798561,FALSE
"CIVIL ENGINEER",131,7.24435318275154,0.106870229007634,0.0763358778625954,0.351145038167939,FALSE
"CIVIL ENGINEERING INTERN",66,1.21560574948665,0,0,0.984848484848485,FALSE
"CIVILIANIZATION MANAGER PD",1,,,,,TRUE
"CLAIM SPECIALIST",99,9.75496235455168,0.262626262626263,0.191919191919192,0.333333333333333,FALSE
"CLERICAL AIDE",38,17.9958932238193,0.421052631578947,0.0526315789473684,0.342105263157895,FALSE
"CLERICAL ASSOCIATE MOST MAYORAL AG",2364,9.04585900068446,0.292301184433164,0.196700507614213,0.320219966159052,FALSE
"CLERK TO THE BOARD",84,6.23134839151266,0.0476190476190476,0.0119047619047619,0.380952380952381,FALSE
"CLIMBER & PRUNER",90,10.9705681040383,0.155555555555556,0.1,0.266666666666667,FALSE
"CLIP INSTRUCTOR",46,8.3750855578371,0.0217391304347826,0.0217391304347826,0.152173913043478,FALSE
"COLLECTIONS SPECIALIST",11,,,,,TRUE
"COLLECTIONS UNIT HEAD",1,,,,,TRUE
"COLLEGE ACCOUNTANT",9,,,,,TRUE
"COLLEGE ACCOUNTING ASSISTANT",11,,,,,TRUE
"COLLEGE AIDE",4,,,,,TRUE
"COLLEGE GRAPH DESIGNER",5,,,,,TRUE
"COLLEGE LAB TECHNICIAN",71,8.41341546885695,0.169014084507042,0.126760563380282,0.23943661971831,FALSE
"COLLEGE PRINT SHOP ASSOCIATE",2,,,,,TRUE
"COLLEGE PRINT SHOP COORDINATOR",2,,,,,TRUE
"COLLEGE PRINT SHOP SPECIALIST",14,,,,,TRUE
"COLLEGE SECURITY DIRECTOR",7,,,,,TRUE
"COLLEGE SECURITY SPECIALIST",12,,,,,TRUE
"COMMISSARY MANAGER",1,,,,,TRUE
"COMMISSIONER",16,,,,,TRUE
"COMMISSIONER OF BUILDINGS",1,,,,,TRUE
"COMMISSIONER OF BUSINESS SERVICES",1,,,,,TRUE
"COMMISSIONER OF CHILDREN S SERVICES",1,,,,,TRUE
"COMMISSIONER OF CITYWIDE ADMINISTRATIVE SERVICES",1,,,,,TRUE
"COMMISSIONER OF COMMUNITY DEVELOPMENT",1,,,,,TRUE
"COMMISSIONER OF CULTURAL AFFAIRS",1,,,,,TRUE
"COMMISSIONER OF DEPARTMENT OF VETERANS SERVICES",1,,,,,TRUE
"COMMISSIONER OF DEPT OF INFO TECHNOLOGY & TELECOMMUNICATIONS",1,,,,,TRUE
"COMMISSIONER OF DESIGN & CONSTRUCTION",1,,,,,TRUE
"COMMISSIONER OF EMERGENCY MANAGEMENT",1,,,,,TRUE
"COMMISSIONER OF ENVIRONMENTAL PROTECTION",1,,,,,TRUE
"COMMISSIONER OF FINANCE",1,,,,,TRUE
"COMMISSIONER OF LABOR RELATIONS",1,,,,,TRUE
"COMMISSIONER OF PARKS & RECREATION",1,,,,,TRUE
"COMMISSIONER OF THE OFC TO END DOMSTC AND GEND BASED VIOLCE",1,,,,,TRUE
"COMMISSIONER OF TRANSPORTATION",1,,,,,TRUE
"COMMISSIONER UN & CONSULAR CORPS DIPLOMATIC RELATIONS",1,,,,,TRUE
"COMMUNICATION ASSISTANT",9,,,,,TRUE
"COMMUNICATIONS OFFICER",5,,,,,TRUE
"COMMUNITY ASSISTANT",698,5.67282683093771,0.150429799426934,0.0673352435530086,0.464183381088825,FALSE
"COMMUNITY ASSOCIATE",5221,3.564681724846,0.105535338057843,0.0467343420800613,0.573070293047309,FALSE
"COMMUNITY COORDINATOR",5867,4.8788501026694,0.100221578319414,0.0611897051303903,0.501448781319243,FALSE
"COMMUNITY PLANNING BOARD COORDINATOR",5,,,,,TRUE
"COMMUNITY SERVICE AIDE",15,,,,,TRUE
"COMMUNITY SUPERTINDENT",35,24.8158795345654,0.914285714285714,0.428571428571429,0,FALSE
"COMPTROLLER",1,,,,,TRUE
"COMPUTER AIDE NON SPVR",46,17.6399726214921,0.369565217391304,0.130434782608696,0.108695652173913,FALSE
"COMPUTER ASSOCIATE",668,10.2149212867899,0.275449101796407,0.163173652694611,0.194610778443114,FALSE
"COMPUTER OPERATIONS MANAGER",102,9.3990417522245,0.186274509803922,0.117647058823529,0.156862745098039,FALSE
"COMPUTER OPERATOR MANAGER",2,,,,,TRUE
"COMPUTER PROGRAMMER ANALYST",15,,,,,TRUE
"COMPUTER SERVICE TECHNICIAN",61,7.47433264887064,0.245901639344262,0.180327868852459,0.278688524590164,FALSE
"COMPUTER SPECIALIST",1248,10.6762491444216,0.262019230769231,0.141025641025641,0.133012820512821,FALSE
"COMPUTER SYSTEM MANAGER",2,,,,,TRUE
"COMPUTER SYSTEMS MANAGER",1322,12.0739219712526,0.180786686838124,0.0786686838124055,0.125567322239032,FALSE
"CONFIDENTIAL AGENCY INVESTIGATOR",28,,,,,TRUE
"CONFIDENTIAL ASSISTANT TO THE COMMISSIONER",1,,,,,TRUE
"CONFIDENTIAL ASSISTANT TO THE COMPTROLLER",9,,,,,TRUE
"CONFIDENTIAL ASST OFFICE OF DISTRICT ATTORNEY KING COUNTY",1,,,,,TRUE
"CONFIDENTIAL ASST TO THE EXECUTIVE DEPUTY COMMISSIONER",1,,,,,TRUE
"CONFIDENTIAL ASST TO THE EXECUTIVE DIR",1,,,,,TRUE
"CONFIDENTIAL EXAMINER",1,,,,,TRUE
"CONFIDENTIAL INVESTIGATOR",185,3.17590691307324,0.102702702702703,0.0702702702702703,0.589189189189189,FALSE
"CONFIDENTIAL SECRETARY OF ADMINISTRATIVE LAW JUDGE",5,,,,,TRUE
"CONFIDENTIAL SECRETARY TO THE DEPUTY COMMISSIONER",1,,,,,TRUE
"CONFIDENTIAL STRAEGY PLANNER",3,,,,,TRUE
"CONFIDENTIAL STRATEGY PLANNER",79,2.75975359342916,0.0506329113924051,0.0379746835443038,0.734177215189873,FALSE
"CONGREG CARE SPEC ACS",86,5.57700205338809,0.13953488372093,0.0465116279069767,0.453488372093023,FALSE
"CONGREG CARE SPEC DJJ",5,,,,,TRUE
"CONSTRUCTION PROJECT MANAGER",471,8.2984257357974,0.235668789808917,0.154989384288747,0.301486199575372,FALSE
"CONSTRUCTION PROJECT MANAGER INTERN",3,,,,,TRUE
"CONSULTANT",88,5.04996577686516,0.0340909090909091,0,0.5,FALSE
"CONSULTANT ON RACE RELATIONS",1,,,,,TRUE
"CONSULTANT PUBLIC HEALTH NURSE",4,,,,,TRUE
"CONSUMER ADVOCATE",1,,,,,TRUE
"CONTRACT REVIEWER",17,,,,,TRUE
"CONTRACT SPECIALIST",47,5.83436002737851,0.25531914893617,0.106382978723404,0.404255319148936,FALSE
"CONTROLLER",1,,,,,TRUE
"COOK",77,8.0684462696783,0.0909090909090909,0.0909090909090909,0.246753246753247,FALSE
"COORDINATING MANAGER",4,,,,,TRUE
"COORDINATOR ELECTION DAY OPERATIONS",1,,,,,TRUE
"COORDINATOR TENANT PATROL",1,,,,,TRUE
"COORDINATOR VOTER REGISTRATION ACTIVITIES",1,,,,,TRUE
"CORPORATION COUNSEL",1,,,,,TRUE
"CORRECTION ADMINISTRATIVE AIDE",1,,,,,TRUE
"CORRECTION OFFICER",4981,10.321697467488,0.0534029311383256,0.013049588436057,0.1321019875527,FALSE
"CORRECTIONAL STANDARDS REVIEW SPECIALIST",46,2.87748117727584,0.0434782608695652,0.0434782608695652,0.58695652173913,FALSE
"COUNCIL MEMBER",49,3.49349760438056,0,0,0.673469387755102,FALSE
"COUNCIL MEMBER AIDE",301,2.74058863791923,0.00996677740863787,0,0.863787375415282,FALSE
"COUNSEL",16,,,,,TRUE
"COUNSEL TO THE BOARD",2,,,,,TRUE
"COUNSEL TO THE BOROUGH PRESIDENT",3,,,,,TRUE
"COUNSEL TO THE CHANCELLOR",1,,,,,TRUE
"COUNSEL TO THE MAYOR",1,,,,,TRUE
"COUNSEL TO THE POLICE COMMISSIONER",1,,,,,TRUE
"COUNSEL TO THE PUBLIC ADVOCATE",1,,,,,TRUE
"COUNSELOR",5,,,,,TRUE
"COUNTY DETECTIVE",2,,,,,TRUE
"CRIME ANALYST",101,2.98699520876112,0,0,0.613861386138614,FALSE
"CRIMINALIST",483,7.26351813826146,0.0973084886128364,0.0186335403726708,0.36231884057971,FALSE
"CRIMINALIST ASSISTANT DIRECTOR OF LABORATORY",31,18.6283367556468,0.419354838709677,0.193548387096774,0.161290322580645,FALSE
"CRIMINALIST DEPUTY DIRECTOR OF LABATORY",4,,,,,TRUE
"CRIMINALIST DIRECTOR OF LABORATORY",5,,,,,TRUE
"CSE CHAIRPERSON",12,,,,,TRUE
"CUNY ADMINISTRATOR ASSISTANT",64,23.6550308008214,0.578125,0.5,0.03125,FALSE
"CUNY BROADCAST ASSOCIATE",4,,,,,TRUE
"CUNY CUSTODIAL ASSISTANT",206,9.84804928131417,0.135922330097087,0.0679611650485437,0.359223300970874,FALSE
"CUNY OFFICE ASSISTANT",329,6.97604380561259,0.170212765957447,0.0972644376899696,0.428571428571429,FALSE
"CUNY START INSTRUCTOR",52,7.6167008898015,0,0,0.326923076923077,FALSE
"CUSTODIAL ASSISTANT",2,,,,,TRUE
"CUSTODIAL SUPERVISOR",18,,,,,TRUE
"CUSTODIAN",281,15.9452429842574,0.284697508896797,0.0640569395017794,0.0889679715302491,FALSE
"CUSTOMER INFORMATION REPRESENTATIVE MA L 1549",469,7.92881587953457,0.15138592750533,0.110874200426439,0.341151385927505,FALSE
"CYBER SECURITY ANALYST",168,2.00136892539357,0,0,0.880952380952381,FALSE
"DEAN",18,,,,,TRUE
"DECEDENT PROPERTY AGENT",10,,,,,TRUE
"DECKHAND",214,7.70431211498973,0.130841121495327,0.0373831775700935,0.373831775700935,FALSE
"DEP DIR RESEARCH & POL DEVELP",1,,,,,TRUE
"DEPARTMENT LIBRARIAN",3,,,,,TRUE
"DEPUTY ASSISTANT CHIEF OF DEPARTMENT",8,,,,,TRUE
"DEPUTY ASSISTANT COMMISIONER",1,,,,,TRUE
"DEPUTY ASSISTANT COMMISSIONER",17,,,,,TRUE
"DEPUTY ASSISTANT COMMISSIONER FOR EVALUATION",1,,,,,TRUE
"DEPUTY ASSISTANT COUNSEL",4,,,,,TRUE
"DEPUTY ASSISTANT DIRECTOR",10,,,,,TRUE
"DEPUTY ASST ADMIN FOR PERSONNEL ADM & LABOR REL",1,,,,,TRUE
"DEPUTY AUDITOR GENERAL",1,,,,,TRUE
"DEPUTY BOROUGH COMMISSIONER",7,,,,,TRUE
"DEPUTY BOROUGH PRESIDENT",3,,,,,TRUE
"DEPUTY CHANCELLOR",1,,,,,TRUE
"DEPUTY CHANCELLOR FINANCIAL AFFAIRS",1,,,,,TRUE
"DEPUTY CHIEF",71,29.7084188911704,0.985915492957746,0.71830985915493,0,FALSE
"DEPUTY CHIEF CLERK",5,,,,,TRUE
"DEPUTY CHIEF INFORMATION TECHNOLOGY OFFICER",4,,,,,TRUE
"DEPUTY CHIEF OF OPERATIONS",4,,,,,TRUE
"DEPUTY CHIEF OF STAFF",4,,,,,TRUE
"DEPUTY CHIEF OF STAFF TO THE CHANCELLOR DOE",2,,,,,TRUE
"DEPUTY CHIEF RACKETS INVESTIGATOR",7,,,,,TRUE
"DEPUTY CHIEF STRATEGY OFFICER DOE",1,,,,,TRUE
"DEPUTY CHIEF SURGEON",7,,,,,TRUE
"DEPUTY CHIEF TECHNOLOGY OFFICER",1,,,,,TRUE
"DEPUTY CITY CLERK",4,,,,,TRUE
"DEPUTY CITY SHERIFF NON SPVR",191,2.43394934976044,0.031413612565445,0.0261780104712042,0.633507853403141,FALSE
"DEPUTY COMMISIONER",2,,,,,TRUE
"DEPUTY COMMISSIONER",79,3.3347022587269,0.0632911392405063,0.0506329113924051,0.607594936708861,FALSE
"DEPUTY COMMISSIONER FILM OFFICE",1,,,,,TRUE
"DEPUTY COMMISSIONER FOR ADMINISTATION",1,,,,,TRUE
"DEPUTY COMMISSIONER FOR COMMUNITY RELATIONS",1,,,,,TRUE
"DEPUTY COMMISSIONER FOR LAW ENFORCEMENT",1,,,,,TRUE
"DEPUTY COMMISSIONER OF IT",5,,,,,TRUE
"DEPUTY COMMISSIONER OF LABOR RELATIONS",2,,,,,TRUE
"DEPUTY COMMUNITY SUPERINTENDENT",1,,,,,TRUE
"DEPUTY COMPTROLLER",1,,,,,TRUE
"DEPUTY CONTROLLER",1,,,,,TRUE
"DEPUTY DIRECTOR",29,,,,,TRUE
"DEPUTY DIRECTOR FINANCE",5,,,,,TRUE
"DEPUTY DIRECTOR LEGAL DIVISION",2,,,,,TRUE
"DEPUTY DIRECTOR OF ADMIN WORKER S COMP BENEFITS",2,,,,,TRUE
"DEPUTY DIRECTOR OF ADMINISTRATION",19,,,,,TRUE
"DEPUTY DIRECTOR OF COMMUNICATIONS",1,,,,,TRUE
"DEPUTY DIRECTOR OF CYBER CRIME FORENSICS",3,,,,,TRUE
"DEPUTY DIRECTOR OF DESIGN",1,,,,,TRUE
"DEPUTY DIRECTOR OF EMERGENCY MANAGEMENT",1,,,,,TRUE
"DEPUTY DIRECTOR OF HEADSTART PROGRAM",1,,,,,TRUE
"DEPUTY DIRECTOR OF HEALTH AND SAFETY",1,,,,,TRUE
"DEPUTY DIRECTOR OF LABOR RELATIONS",3,,,,,TRUE
"DEPUTY DIRECTOR OF MANAGEMENT",1,,,,,TRUE
"DEPUTY DIRECTOR OF MEDICOLEGAL INVESTIGATIONS",9,,,,,TRUE
"DEPUTY DIRECTOR OF MOTOR EQUIPMENT MAINTENANCE",1,,,,,TRUE
"DEPUTY DIRECTOR OF PROBATION",2,,,,,TRUE
"DEPUTY DIRECTOR OF SECURITY",2,,,,,TRUE
"DEPUTY EXECUTIVE DIRECTOR",15,,,,,TRUE
"DEPUTY EXECUTIVE DIRECTOR CAMPAIGN FINANCE BOARD",8,,,,,TRUE
"DEPUTY EXECUTIVE DIRECTOR OF FINANCIAL OPERATIONS",1,,,,,TRUE
"DEPUTY GENERAL COUNSEL",5,,,,,TRUE
"DEPUTY INSPECTOR GENERAL",33,10.2532511978097,0.272727272727273,0.0909090909090909,0.0909090909090909,FALSE
"DEPUTY MAYOR",6,,,,,TRUE
"DEPUTY PUBLIC ADMINISTATOR",4,,,,,TRUE
"DIETARY AIDE",3,,,,,TRUE
"DIETITIAN",5,,,,,TRUE
"DIR OF ADMINISTRATION WORKER S COMP BENEFITS",1,,,,,TRUE
"DIR OF CONTRACT MGMT & INTERGOVERNMENTAL RELATIONS",1,,,,,TRUE
"DIR OF HEALTHCARE FACILITIES AND PROVIDER READINESS",1,,,,,TRUE
"DIR OF HOME CARE SERVICES/FAMILY AND ADULT SERVICES",1,,,,,TRUE
"DIR OF INVESTIGATIVE ACCTNG AND ECONOMIC CRIMES INVSTNGS",1,,,,,TRUE
"DIR OF MGNT SYSTEM PLANNING RESEARCH AND EVAL",1,,,,,TRUE
"DIR OF QUALITY & COST CONTROL",1,,,,,TRUE
"DIR POLICY ECONOM RESRCH",1,,,,,TRUE
"DIRECTOR",17,,,,,TRUE
"DIRECTOR BUREAU OF WEIGHTS AND MEASURES",1,,,,,TRUE
"DIRECTOR CITYWIDE OCCUPATIONAL SAFETY & HEALTH PROGRAM",1,,,,,TRUE
"DIRECTOR CRIMINAL JUSTICE DATA SHARE AND INFO SERVICES",5,,,,,TRUE
"DIRECTOR EMPLOYEE MANAGEMENT DIVISION",1,,,,,TRUE
"DIRECTOR ENERGY MANAGEMENT STRATEGY",4,,,,,TRUE
"DIRECTOR LEGAL DIVISION/GEN COUNSEL& SPEC COUNSEL",1,,,,,TRUE
"DIRECTOR OF ADMIN",1,,,,,TRUE
"DIRECTOR OF ADMINISTRATION",3,,,,,TRUE
"DIRECTOR OF ADVOCACY",1,,,,,TRUE
"DIRECTOR OF ALT SENTENCING AND OFFENDER RE ENTRY PROGS QN DA",1,,,,,TRUE
"DIRECTOR OF ARTWORKS",1,,,,,TRUE
"DIRECTOR OF AUDIT AND INVESTIGATION",1,,,,,TRUE
"DIRECTOR OF AUDIT AND PROGRAM ANALYSIS",1,,,,,TRUE
"DIRECTOR OF AUDITS",1,,,,,TRUE
"DIRECTOR OF BIODETECTION AND RESPONSE",1,,,,,TRUE
"DIRECTOR OF BUDGET STUDIES & ECONOMIC RESEARCH",6,,,,,TRUE
"DIRECTOR OF BUREAU OF CONSUMER SERVICES",1,,,,,TRUE
"DIRECTOR OF CITY LEGISLATIVE AFFAIRS",1,,,,,TRUE
"DIRECTOR OF CLINICAL LABORATORIES",1,,,,,TRUE
"DIRECTOR OF COMMUNICATIONS",3,,,,,TRUE
"DIRECTOR OF COMMUNITY ASSISTANCE UNIT",1,,,,,TRUE
"DIRECTOR OF COMMUNITY ENGAGEMENT AND RESPONSE",2,,,,,TRUE
"DIRECTOR OF COMMUNITY INVOLVEMENT",1,,,,,TRUE
"DIRECTOR OF COMMUNITY PARTICIPATION PROGRAMS",1,,,,,TRUE
"DIRECTOR OF COMMUNITY PLANNING BOARDS",3,,,,,TRUE
"DIRECTOR OF COMMUNITY PLANNING BOARDS MGL ASSIGN",1,,,,,TRUE
"DIRECTOR OF COMMUNITY RELATIONS",3,,,,,TRUE
"DIRECTOR OF COMPLIANCE & LEGISLATIVE DEVELOPMENT",1,,,,,TRUE
"DIRECTOR OF CONSUMER INFORMATION",1,,,,,TRUE
"DIRECTOR OF CORRECTIONAL STANDARDS REVIEW",31,7.74264202600958,0.0645161290322581,0.0645161290322581,0.290322580645161,FALSE
"DIRECTOR OF COUNTERMEASURES AND RESPONSE",1,,,,,TRUE
"DIRECTOR OF CRIM JUSTICE DATA SHARE AND INFO SERVS KDA",1,,,,,TRUE
"DIRECTOR OF CRIME STRATEGIES AND ANALYSIS",2,,,,,TRUE
"DIRECTOR OF CRIMINAL JUSTICE",1,,,,,TRUE
"DIRECTOR OF CRIMINAL JUSTICE PLANNING AND POLICY DEVELOPMENT",1,,,,,TRUE
"DIRECTOR OF CRISIS ASSISTANCE AND TRAINING",1,,,,,TRUE
"DIRECTOR OF CYBER CRIME FORENSICS",2,,,,,TRUE
"DIRECTOR OF DESIGN",1,,,,,TRUE
"DIRECTOR OF DEVELOPMENT",1,,,,,TRUE
"DIRECTOR OF DIRECT SERVICE PROGRAMS",1,,,,,TRUE
"DIRECTOR OF EEO/CONTRACT COMPLIANCE",1,,,,,TRUE
"DIRECTOR OF ELDER ABUSE PROGRAM SERVICES QN DA",1,,,,,TRUE
"DIRECTOR OF EQUAL OPPORTUNITY",2,,,,,TRUE
"DIRECTOR OF EQUIPMENT",3,,,,,TRUE
"DIRECTOR OF FEDERAL AND STATE ASSET FORFEITURE SPECIAL PROJ",1,,,,,TRUE
"DIRECTOR OF FIELD OPERATIONS",251,21.3305954825462,0.533864541832669,0.398406374501992,0.0318725099601594,FALSE
"DIRECTOR OF FINANCE",1,,,,,TRUE
"DIRECTOR OF FINANCING POLICY COORDINATION",1,,,,,TRUE
"DIRECTOR OF FISCAL OPERATIONS",1,,,,,TRUE
"DIRECTOR OF FOOD STAMP PROGRAM",1,,,,,TRUE
"DIRECTOR OF HEALTH & SAFETY",1,,,,,TRUE
"DIRECTOR OF HEALTH CARE PROGRAM PLANNING/ANALYSIS",1,,,,,TRUE
"DIRECTOR OF HOUSING APPLICANTIONS",1,,,,,TRUE
"DIRECTOR OF HUD ACQUIRED PROPERTIES",1,,,,,TRUE
"DIRECTOR OF INDEPENDENT BUDGET OFFICE",1,,,,,TRUE
"DIRECTOR OF INFORMATION AND RESEARCH",1,,,,,TRUE
"DIRECTOR OF INFORMATION SYSTEMS",1,,,,,TRUE
"DIRECTOR OF INTERAGENCY PLANNING",1,,,,,TRUE
"DIRECTOR OF INTERGOVERNMENTAL AFFAIRS",1,,,,,TRUE
"DIRECTOR OF INTERNAL AUDITING",1,,,,,TRUE
"DIRECTOR OF INVESTIGATIONS",1,,,,,TRUE
"DIRECTOR OF INVESTIGATIVE AUDITS",1,,,,,TRUE
"DIRECTOR OF INVESTMENTS",9,,,,,TRUE
"DIRECTOR OF LABOR RELATIONS",1,,,,,TRUE
"DIRECTOR OF LAND USE DIVISION",1,,,,,TRUE
"DIRECTOR OF LEASED HOUSING",1,,,,,TRUE
"DIRECTOR OF LEGISLATIVE COORDINATION",1,,,,,TRUE
"DIRECTOR OF MANAGEMENT & BUDGET",1,,,,,TRUE
"DIRECTOR OF MANAGEMENT DESIGN",1,,,,,TRUE
"DIRECTOR OF MANAGEMENT PLANNING SS",1,,,,,TRUE
"DIRECTOR OF MENTAL HEALTH DISASTER PREPAREDNESS",1,,,,,TRUE
"DIRECTOR OF METHODS & ANALYSIS",1,,,,,TRUE
"DIRECTOR OF MORTGAGE RESEARCH AND ANALYSIS",1,,,,,TRUE
"DIRECTOR OF MOTOR EQUIPMENT MAINTENANCE NM",2,,,,,TRUE
"DIRECTOR OF MOTOR TRANSPORT",1,,,,,TRUE
"DIRECTOR OF NOISE ABATEMENT",1,,,,,TRUE
"DIRECTOR OF NYC MEDICAL RESERVE CORPS",1,,,,,TRUE
"DIRECTOR OF PARENT INVOLVEMENT",1,,,,,TRUE
"DIRECTOR OF PERSONNEL",1,,,,,TRUE
"DIRECTOR OF PHOTOGRAPHIC SERVICES PD",1,,,,,TRUE
"DIRECTOR OF PLAN & FIELD SERVICES",1,,,,,TRUE
"DIRECTOR OF PLANNING",2,,,,,TRUE
"DIRECTOR OF POLICY ANALYSIS",1,,,,,TRUE
"DIRECTOR OF PROBATION",1,,,,,TRUE
"DIRECTOR OF PROGRAM PLANNING",2,,,,,TRUE
"DIRECTOR OF PSYCHOLOGICAL SERVICES",1,,,,,TRUE
"DIRECTOR OF PUBLIC AND COMMUNITY RELATIONS",1,,,,,TRUE
"DIRECTOR OF PUBLIC HEALTH EMERGENCY EVALUATION",2,,,,,TRUE
"DIRECTOR OF PUBLIC HEALTH EMERGENCY PLANNING",1,,,,,TRUE
"DIRECTOR OF PUBLIC INFORMATION",10,,,,,TRUE
"DIRECTOR OF PUBLIC RELATIONS",6,,,,,TRUE
"DIRECTOR OF PUPPETRY",1,,,,,TRUE
"DIRECTOR OF RACE EQUITY STRATEGIES",1,,,,,TRUE
"DIRECTOR OF REVIEW & COUNSELING",1,,,,,TRUE
"DIRECTOR OF SCHOOL SAFETY",1,,,,,TRUE
"DIRECTOR OF SECURITY",2,,,,,TRUE
"DIRECTOR OF SOCIAL & COMMUNITY SERVICES",1,,,,,TRUE
"DIRECTOR OF SOCIAL SERVICES",2,,,,,TRUE
"DIRECTOR OF STORES",1,,,,,TRUE
"DIRECTOR OF SUPPORT SERVICES PD",1,,,,,TRUE
"DIRECTOR OF TECHNICAL SERVICES",3,,,,,TRUE
"DIRECTOR OF TECHNOLOGY DEVELOPMENT PD",1,,,,,TRUE
"DIRECTOR OF TELEVISION",2,,,,,TRUE
"DIRECTOR OF THE CITY RECORD",1,,,,,TRUE
"DIRECTOR OF THE MAYOR S OFFICE OF ADMINISTRATIVE SERVICES",1,,,,,TRUE
"DIRECTOR OF THE MAYOR S OFFICE OF APPOINTMENTS",1,,,,,TRUE
"DIRECTOR OF THE MAYOR S OFFICE OF OPERATIONS",1,,,,,TRUE
"DIRECTOR OF THE OFFICE FOR PEOPLE WITH DISABILITIES",1,,,,,TRUE
"DIRECTOR OF THE OFFICE OF COLLECTIVE BARGAINING",1,,,,,TRUE
"DIRECTOR OF THE OFFICE OF CORRESPONDENCE",1,,,,,TRUE
"DIRECTOR OF THE OFFICE OF IMMIGRANT AFFAIRS",1,,,,,TRUE
"DIRECTOR OF THE OFFICE OF SCHEDULING & EXECUTIVE OPERATIONS",1,,,,,TRUE
"DIRECTOR OF THE OMBUDSMAN PROGRAM",2,,,,,TRUE
"DIRECTOR OF TRAINING",3,,,,,TRUE
"DIRECTOR OF URBAN ARCHAEOLOGY",1,,,,,TRUE
"DIRECTOR OF URBAN PARK RANGER PROGRAM",4,,,,,TRUE
"DIRECTOR OFFICE OF ADMINISTRATION",1,,,,,TRUE
"DIRECTOR OR MANAGEMENT",1,,,,,TRUE
"DISABILITY ACCOMMODATIONS SPECIALIST",1,,,,,TRUE
"DISABILITY COORDINATOR",1,,,,,TRUE
"DISTRICT ATTORNEY",5,,,,,TRUE
"DISTRICT MANAGER",57,9.7138945927447,0.210526315789474,0.105263157894737,0.280701754385965,FALSE
"DISTRICT MANAGER OF ADMINISTRATION AND BUSINESS AFFAIRS",11,,,,,TRUE
"DISTRICT SUPERVISOR",23,,,,,TRUE
"ECONOMIST",59,2.93223819301848,0.0338983050847458,0.0169491525423729,0.661016949152542,FALSE
"EDUCATION ANALYST",52,6.69815195071869,0.0192307692307692,0.0192307692307692,0.173076923076923,FALSE
"EDUCATION ANALYST TRAINEE",6,,,,,TRUE
"EDUCATION OFFICER",141,9.19917864476386,0.198581560283688,0.106382978723404,0.049645390070922,FALSE
"EDUCATIONAL ADMINISTRATOR CSA",1069,19.813826146475,0.482694106641721,0.237605238540692,0.0252572497661366,FALSE
"EDUCATIONAL ADMINISTRATOR UFT",7,,,,,TRUE
"EDUCATIONAL MANAGEMENT ASSOCIATE",20,,,,,TRUE
"ELECTRICAL ENGINEER",15,,,,,TRUE
"ELECTRICAL ENGINEERING INTERN",6,,,,,TRUE
"ELIGIBILITY SPECIALIST",1881,7.24435318275154,0.164274322169059,0.089845826687932,0.383838383838384,FALSE
"EMERGENCY MEDICAL SPECIALIST EMT",2662,4.02464065708419,0.080015026296018,0.0334335086401202,0.555221637866266,FALSE
"EMERGENCY MEDICAL SPECIALIST PARAMEDIC",948,10.3874058863792,0.0917721518987342,0.0358649789029536,0.0116033755274262,FALSE
"EMERGENCY MEDICAL SPECIALIST TRAINEE",177,0.383299110198494,0,0,1,FALSE
"EMERGENCY PREPARDNESS MANAGER",70,8.27789185489391,0.0285714285714286,0,0.271428571428571,FALSE
"EMERGENCY PREPAREDNESS SPECIALIST",122,2.5284052019165,0.0163934426229508,0,0.762295081967213,FALSE
"EMERGENCY SERVICE AIDE",47,3.31279945242984,0.127659574468085,0.0425531914893617,0.574468085106383,FALSE
"EMPLOYEE ASSISTANCE PROGRAM SPECIALIST",11,,,,,TRUE
"EMPLOYEE HEALTH BENEFITS PROGRAM DIRECTOR",1,,,,,TRUE
"ENERGY CONSERVATION SPECIALIST",32,0.728268309377139,0,0,0.84375,FALSE
"ENGINEERING TECHNICIAN",85,6.5927446954141,0.152941176470588,0.0941176470588235,0.329411764705882,FALSE
"ENVIRONMENTAL ENGINEER",12,,,,,TRUE
"ENVIRONMENTAL ENGINEERING INTERN",27,,,,,TRUE
"ENVIRONMENTAL HEALTH TECHNICIAN",1,,,,,TRUE
"ENVIRONMENTAL POLICE OFFICER",150,18.2642026009582,0.34,0.06,0.0866666666666667,FALSE
"ENVIRONMENTAL POLICE OFFICER MANAGERIAL",11,,,,,TRUE
"EOC ACCOUNTING ASSISTANT",1,,,,,TRUE
"EOC ADMINISTRATIVE ASSISTANT",2,,,,,TRUE
"EOC ASSISTANT TO HEO",17,,,,,TRUE
"EOC COLLEGE LAB TECHNICIAN",3,,,,,TRUE
"EOC CUSTODIAL ASSISTANT",2,,,,,TRUE
"EOC HIGHER EDUCATION ASSISTANT",6,,,,,TRUE
"EOC HIGHER EDUCATION ASSOCIATE",3,,,,,TRUE
"EOC HIGHER EDUCATION OFFICER",5,,,,,TRUE
"EOC LECTURER",7,,,,,TRUE
"EOC LECTURER/ DOCTRAL SCHEDULE",2,,,,,TRUE
"EOC MAIL/MESSAGE SERVICES WORKER",1,,,,,TRUE
"EOC OFFICE ASSISTANT",13,,,,,TRUE
"EQUAL EMPLOYMENT OPPORTUNITY OFFICER",1,,,,,TRUE
"EQUAL RIGHTS COMPLIANCE SPECIALIST",16,,,,,TRUE
"ESTIMATOR",23,,,,,TRUE
"EVIDENCE AND PROPERTY CONTROL SPECIALIST",208,9.74948665297741,0.168269230769231,0.0528846153846154,0.177884615384615,FALSE
"EXAMINER OF ACCOUNTS",2,,,,,TRUE
"EXAMINING ATTORNEY",16,,,,,TRUE
"EXEC ASST TO THE COMMISSIONER OF FINANCE",1,,,,,TRUE
"EXEC ASST TO THE DEPUTY COM FOR CITYWIDE PERSONNEL SVCS DCAS",1,,,,,TRUE
"EXEC ASST TO THE DEPUTY COMMISSIONER",3,,,,,TRUE
"EXEC DIRECTOR OF GRANTS MANAGEMENT AND ADMINISTRATION",1,,,,,TRUE
"EXECUTIVE AGENCY COUNSEL",800,6.24777549623546,0.1225,0.06625,0.46375,FALSE
"EXECUTIVE ASSISTANT",18,,,,,TRUE
"EXECUTIVE ASSISTANT AND COUNSEL TO THE PUBLIC ADVOCATE",2,,,,,TRUE
"EXECUTIVE ASSISTANT FOR INTERGOVERNMENTAL RELATIONS",1,,,,,TRUE
"EXECUTIVE ASSISTANT FOR PLANNING",1,,,,,TRUE
"EXECUTIVE ASSISTANT TO COMMISSIONER OF TRANSPORTATION",1,,,,,TRUE
"EXECUTIVE ASSISTANT TO THE CHAIRMAN",1,,,,,TRUE
"EXECUTIVE ASSISTANT TO THE CITY CLERK",1,,,,,TRUE
"EXECUTIVE ASSISTANT TO THE COMMISSIONER",8,,,,,TRUE
"EXECUTIVE ASSISTANT TO THE COMMISSIONER OF COMMUNITY DEVELOP",1,,,,,TRUE
"EXECUTIVE ASSISTANT TO THE COMMISSIONER OF EMPLOYMENT",1,,,,,TRUE
"EXECUTIVE ASSISTANT TO THE COMPTROLLER",1,,,,,TRUE
"EXECUTIVE ASSISTANT TO THE DEPUTY COMMISSIONER",3,,,,,TRUE
"EXECUTIVE ASSISTANT TO THE DIRECTOR",1,,,,,TRUE
"EXECUTIVE ASSISTANT TO THE DIRECTOR OF ADMINISTRATION",1,,,,,TRUE
"EXECUTIVE ASSISTANT TO THE DIRECTOR OF CONSTRUCTION",1,,,,,TRUE
"EXECUTIVE ASSISTANT TO THE EXECUTIVE DEPUTY ADM",3,,,,,TRUE
"EXECUTIVE ASSISTANT TO THE FIRST DEPUTY CITY CLERK",1,,,,,TRUE
"EXECUTIVE ASST DOMESTIC VIOLENCE HRA",6,,,,,TRUE
"EXECUTIVE ASST TO THE COMMISSIONER",1,,,,,TRUE
"EXECUTIVE ASST TO THE NYC COMMISSION TO THE UNITED NATIONS",1,,,,,TRUE
"EXECUTIVE COOK",1,,,,,TRUE
"EXECUTIVE DEPUTY ADMINISTRATOR",3,,,,,TRUE
"EXECUTIVE DEPUTY COMMISSIONER",1,,,,,TRUE
"EXECUTIVE DEPUTY COMMISSIONER FOR MENTAL HYGIENE",1,,,,,TRUE
"EXECUTIVE DIRECTOR",20,,,,,TRUE
"EXECUTIVE DIRECTOR AND CHAIR COMMISSION ON RACIAL EQUITY",1,,,,,TRUE
"EXECUTIVE DIRECTOR CITYWIDE EVENT COORDINATION & MANAGEMENT",1,,,,,TRUE
"EXECUTIVE DIRECTOR NEW YORK CITY LOFT BOARD",1,,,,,TRUE
"EXECUTIVE DIRECTOR OF GRACIE MANSION",1,,,,,TRUE
"EXECUTIVE DIRECTOR OF HEALTHCARE SYSTEMS READINESS",1,,,,,TRUE
"EXECUTIVE DIRECTOR OF MATERIALS FOR THE ARTS",1,,,,,TRUE
"EXECUTIVE DIRECTOR OF NEIGHBORHOOD SAFETY",1,,,,,TRUE
"EXECUTIVE DIRECTOR OF SPECIAL PROBATION PROGRAMS",1,,,,,TRUE
"EXECUTIVE DIRECTOR SPECIAL PROJECTS & COMMUNITY EVENTS",1,,,,,TRUE
"EXECUTIVE INSPECTOR",5,,,,,TRUE
"EXECUTIVE LEGISLATIVE COORDINATOR",1,,,,,TRUE
"EXECUTIVE PROGRAM SPECIALIST",115,1.91649555099247,0.0347826086956522,0.0173913043478261,0.860869565217391,FALSE
"EXECUTIVE SECRETARY",1,,,,,TRUE
"EXECUTIVE VICE PRESIDENT NYC PHPT",1,,,,,TRUE
"EXTERMINATOR",52,8.68035592060233,0.153846153846154,0.134615384615385,0.384615384615385,FALSE
"FACILITIES COORDINATOR",6,,,,,TRUE
"FACILITY SUPERVISOR",1,,,,,TRUE
"FAMILY PUB HEALTH NURSE",42,7.74264202600958,0.0714285714285714,0.0714285714285714,0.30952380952381,FALSE
"FERRY TERMINAL SUPERVISOR",14,,,,,TRUE
"FINANCE OFFICER",1,,,,,TRUE
"FINANCIAL CLERK",92,6.85284052019165,0.0217391304347826,0,0.304347826086957,FALSE
"FINGERPRINT TECHNICIAN TRAINEE",15,,,,,TRUE
"FIRE ALARM DISPATCHER",159,7.57015742642026,0.163522012578616,0.0125786163522013,0.339622641509434,FALSE
"FIRE MARSHAL",109,17.9000684462697,0.348623853211009,0.110091743119266,0,FALSE
"FIRE MEDICAL OFFICER",26,,,,,TRUE
"FIRE PROTECTION INSPECTOR",135,2.29979466119096,0.00740740740740741,0,0.644444444444444,FALSE
"FIREFIGHTER",8554,8.04928131416838,0.144844517184943,0.0349544072948328,0.302899228431143,FALSE
"FIRST ASSISTANT CORPORATION COUNSEL",1,,,,,TRUE
"FIRST ASSISTANT TO THE PUBLIC ADVOCATE",1,,,,,TRUE
"FIRST DEPUTY COMMISSIONER",7,,,,,TRUE
"FIRST DEPUTY COMPTROLLER",1,,,,,TRUE
"FIRST DEPUTY MAYOR",1,,,,,TRUE
"FISCAL & POLICY ANALYST",1,,,,,TRUE
"FITNESS INSTRUCTOR",21,,,,,TRUE
"FOOD SERVICE ADMINISTRATOR",4,,,,,TRUE
"FOOD SERVICE MANAGER",8,,,,,TRUE
"FORENSIC MORTUARY TECHNICIAN",51,5.69199178644764,0.176470588235294,0.0784313725490196,0.333333333333333,FALSE
"FORENSIC MORTUARY TECHNICIAN COORD OF MORTUARY SERVICES",1,,,,,TRUE
"FORESTER",53,3.50718685831622,0.0377358490566038,0.0188679245283019,0.622641509433962,FALSE
"FRAUD INVESTIGATOR",373,21.3661875427789,0.533512064343164,0.308310991957105,0.0428954423592493,FALSE
"GARDENER",166,6.20807665982204,0.102409638554217,0.0240963855421687,0.421686746987952,FALSE
"GARDENER CUNY",2,,,,,TRUE
"GENERAL COUNSEL",4,,,,,TRUE
"GENERAL INSPECTOR",1,,,,,TRUE
"GENERAL SUPERINTENDENT",241,19.7015742642026,0.410788381742739,0.136929460580913,0,FALSE
"GEOLOGIST",16,,,,,TRUE
"GRAPHIC ARTIST",61,7.43600273785079,0.0655737704918033,0.0327868852459016,0.327868852459016,FALSE
"GUIDANCE COUNSELOR",3293,17.8343600273785,0.38657758882478,0.188581840267234,0.126935924688734,FALSE
"GUIDANCE COUNSELOR ASSIGNED A",10,,,,,TRUE
"GUIDANCE COUNSELOR REG SUB",13,,,,,TRUE
"HEAD NURSE",10,,,,,TRUE
"HEALTH CARE PROG PLAN/ANALYST",5,,,,,TRUE
"HEALTH SERVICES MANAGER",33,18.4750171115674,0.333333333333333,0.0909090909090909,0.0909090909090909,FALSE
"HEALTH SERVICES MANAGER NON MANAGERIAL LEVEL I",72,16.0889801505818,0.375,0.277777777777778,0.0555555555555556,FALSE
"HEALTH SERVICES MANAGER NON MANAGERIAL LEVEL II",44,17.7467488021903,0.318181818181818,0.204545454545455,0,FALSE
"HEARING EXAMINER",3,,,,,TRUE
"HEATING PLANT TECHNICIAN",184,9.6208076659822,0.157608695652174,0.103260869565217,0.173913043478261,FALSE
"HELICOPTER MECHANIC",2,,,,,TRUE
"HELICOPTER PILOT",2,,,,,TRUE
"HIGH SCHOOL ELEM COUNSELOR",8,,,,,TRUE
"HIGHER EDUCATION ASSISTANT",643,8.49007529089665,0.0528771384136858,0.0202177293934681,0.259720062208398,FALSE
"HIGHER EDUCATION ASSOCIATE",354,9.73579739904175,0.132768361581921,0.0564971751412429,0.214689265536723,FALSE
"HIGHER EDUCATION OFFICER",280,11.0102669404517,0.178571428571429,0.0857142857142857,0.192857142857143,FALSE
"HIGHER EDUCATION OFFICER/ASST ADMINISTRATOR",1,,,,,TRUE
"HIGHWAYS AND SEWERS INSPECTOR",91,10.1382614647502,0.131868131868132,0.0769230769230769,0,FALSE
"HOMEMAKER",5,,,,,TRUE
"HOSTLER",21,,,,,TRUE
"HOUSEKEEPER",3,,,,,TRUE
"HOUSING ASSISTANT",845,4.80219028062971,0.188165680473373,0.138461538461538,0.512426035502959,FALSE
"HOUSING CARETAKER",1,,,,,TRUE
"HOUSING CONSULTANT",1,,,,,TRUE
"HOUSING DEVELOPMENT SPECIALIST",68,9.32375085557837,0.147058823529412,0.102941176470588,0.176470588235294,FALSE
"HOUSING EXTERMINATOR",59,2.18480492813142,0.0508474576271186,0.0338983050847458,0.76271186440678,FALSE
"HOUSING EXTERMINATOR AL II & III",58,6.17111567419576,0.137931034482759,0.120689655172414,0.344827586206897,FALSE
"HOUSING EXTERMINATOR AL IV",9,,,,,TRUE
"HOUSING MANAGER",153,27.1567419575633,0.65359477124183,0.57516339869281,0.0130718954248366,FALSE
"HOUSING STOCK WORKER",16,,,,,TRUE
"HUMAN RESOURCES ADMINISTRATOR",1,,,,,TRUE
"HUMAN RIGHTS SPECIALIST",14,,,,,TRUE
"INDUSTRIAL HYGIENIST",43,3.54551676933607,0.116279069767442,0.0930232558139535,0.558139534883721,FALSE
"INSPECTOR",409,2.74058863791923,0.0709046454767726,0.0293398533007335,0.60880195599022,FALSE
"INSPECTOR BOILERS",18,,,,,TRUE
"INSPECTOR CONSTRUCTION",317,5.78781656399726,0.0378548895899054,0.0189274447949527,0.43217665615142,FALSE
"INSPECTOR ELEVATORS",27,,,,,TRUE
"INSPECTOR GENERAL",24,,,,,TRUE
"INSPECTOR HOISTS AND RIGGING",7,,,,,TRUE
"INSPECTOR PLUMBING",43,6.55441478439425,0.0232558139534884,0,0.372093023255814,FALSE
"INSTITUTIONAL AIDE",50,12.5338809034908,0.08,0.04,0.24,FALSE
"INSTRUCTOR",24,,,,,TRUE
"INSTRUMENTAL SPECIALIST",42,6.88843258042437,0.19047619047619,0.119047619047619,0.333333333333333,FALSE
"INSURANCE ADVISOR",17,,,,,TRUE
"INTELLIGENCE RESEARCH MANAGER PD",5,,,,,TRUE
"INTELLIGENCE RESEARCH SPECIALIST PD",46,2.98836413415469,0.0434782608695652,0,0.608695652173913,FALSE
"INTERPRETER",11,,,,,TRUE
"INTERPRETER/TRANSLATOR",30,9.6290212183436,0.133333333333333,0.0333333333333333,0.4,FALSE
"INVESTIGATIVE MANAGER",23,,,,,TRUE
"INVESTIGATOR",392,2.36550308008214,0.0510204081632653,0.0255102040816327,0.762755102040816,FALSE
"INVESTIGATOR EMPL DISC",27,,,,,TRUE
"INVESTIGATOR TRAINEE",2,,,,,TRUE
"INVESTMENT ANALYST",21,,,,,TRUE
"INVESTMENT MANAGER",37,5.56605065023956,0.135135135135135,0.0810810810810811,0.486486486486487,FALSE
"IT ASSISTANT",67,12.6488706365503,0.223880597014925,0.149253731343284,0.283582089552239,FALSE
"IT ASSOCIATE",63,16.8624229979466,0.349206349206349,0.174603174603175,0.0952380952380952,FALSE
"IT AUTOMATION AND MONITORING ENGINEER",50,2.97056810403833,0.02,0.02,0.7,FALSE
"IT INFRASTRUCTURE ENGINEER",50,3.16906228610541,0.08,0.06,0.64,FALSE
"IT PROJECT SPECIALIST",288,3.46885694729637,0.0173611111111111,0.00694444444444444,0.677083333333333,FALSE
"IT SECURITY SPECIALIST",98,3.15126625598905,0.0102040816326531,0.0102040816326531,0.663265306122449,FALSE
"IT SENIOR ASSOCIATE",39,17.2676249144422,0.384615384615385,0.17948717948718,0.102564102564103,FALSE
"IT SERVICE MANAGEMENT SPECIALIST",55,2.85557837097878,0.0727272727272727,0.0363636363636364,0.690909090909091,FALSE
"IT SUPPORT ASSISTANT",20,,,,,TRUE
"JOB TRAINING PARTICIPANT",9,,,,,TRUE
"JUNIOR PUBLIC HEALTH NURSE",11,,,,,TRUE
"LAB SPECIALIST/ASSISTANT",41,26.8090349075975,0.878048780487805,0.585365853658537,0,FALSE
"LABOR RELATIONS ANALYST",4,,,,,TRUE
"LABOR RELATIONS ANALYST TRAINEE",1,,,,,TRUE
"LABOR RELATIONS TRIAL EXAMINER",5,,,,,TRUE
"LABORATORY ASSOCIATE",40,6.50650239561944,0.175,0.1,0.45,FALSE
"LABORATORY HELPER",7,,,,,TRUE
"LABORATORY MICROBIOLOGIST",19,,,,,TRUE
"LANDMARKS PRESERVATIONIST",39,6.91854893908282,0.0769230769230769,0.0256410256410256,0.358974358974359,FALSE
"LANDSCAPE ARCHITECT",86,11.5373032169747,0.209302325581395,0.186046511627907,0.116279069767442,FALSE
"LEAD ABATEMENT WORKER",10,,,,,TRUE
"LECTURER",361,11.8412046543463,0.249307479224377,0.119113573407202,0.25207756232687,FALSE
"LECTURER/DOCTORAL SCHEDULE",66,3.41409993155373,0.121212121212121,0.0303030303030303,0.53030303030303,FALSE
"LEGAL COORDINATOR",29,,,,,TRUE
"LEGAL SECRETARIAL ASSISTANT",37,6.2861054072553,0.27027027027027,0.243243243243243,0.378378378378378,FALSE
"LEGAL SECRETARIAL ASSISTANT AL 1 ONLY",3,,,,,TRUE
"LEGISLATIVE ADMINISTRATIVE ASSISTANT",15,,,,,TRUE
"LEGISLATIVE ADMINISTRATIVE MANAGER",32,7.60711841204654,0.125,0,0.28125,FALSE
"LEGISLATIVE ANALYST",1,,,,,TRUE
"LEGISLATIVE ASSISTANT",69,3.71526351813826,0.0434782608695652,0.0434782608695652,0.536231884057971,FALSE
"LEGISLATIVE CLERK",35,0.728268309377139,0,0,1,FALSE
"LEGISLATIVE COMPUTER SUPPORT SPECIALIST",8,,,,,TRUE
"LEGISLATIVE COORDINATOR",27,,,,,TRUE
"LEGISLATIVE COUNSEL",44,2.84325804243669,0.0227272727272727,0.0227272727272727,0.659090909090909,FALSE
"LEGISLATIVE FINANCIAL ANALYST",14,,,,,TRUE
"LEGISLATIVE INFORMATION OFFICER",5,,,,,TRUE
"LEGISLATIVE INVESTIGATOR",7,,,,,TRUE
"LEGISLATIVE POLICY ANALYST",13,,,,,TRUE
"LEGISLATIVE PROGRAMMER/ANALYST",16,,,,,TRUE
"LEGISLATIVE PROJECT MANAGER",8,,,,,TRUE
"LEGISLATIVE REPRESENTATIVE",1,,,,,TRUE
"LEGISLATIVE SUPPORT SERVICE COORD",2,,,,,TRUE
"LEGISLATIVE SYSTEMS MANAGER",4,,,,,TRUE
"LICENSED BARBER",6,,,,,TRUE
"LIEUTENANT",2743,18.9733059548255,0.358731316077288,0.0831206707983959,0.000364564345607,FALSE
"LIEUTENANT D/A COMMANDER OF DETECTIVE SQUAD",172,20.9965776865161,0.633720930232558,0.267441860465116,0,FALSE
"LIEUTENANT D/A SPECIAL ASSIGNMENT",127,21.9794661190965,0.661417322834646,0.362204724409449,0,FALSE
"MAIL/MESSAGE SERVICES WORKER",17,,,,,TRUE
"MANAGEMENT AUDITOR",240,8.74880219028063,0.170833333333333,0.0875,0.308333333333333,FALSE
"MANAGEMENT AUDITOR TRAINEE",9,,,,,TRUE
"MANAGER OF PARK LICENSE AGREEMENTS",1,,,,,TRUE
"MANAGER OF RADIO REPAIR OPERATIONS",6,,,,,TRUE
"MARINE ELECTRONICS TECHNICIAN",5,,,,,TRUE
"MARINE ENGINEER",48,16.394250513347,0.3125,0.145833333333333,0.270833333333333,FALSE
"MARINE MAINTENANCE MECHANIC",8,,,,,TRUE
"MARINE OILER",54,5.50992470910335,0.166666666666667,0.0185185185185185,0.481481481481481,FALSE
"MARINER",11,,,,,TRUE
"MARKET AGENT",7,,,,,TRUE
"MATE",92,9.6208076659822,0.141304347826087,0.0217391304347826,0.260869565217391,FALSE
"MAYOR",1,,,,,TRUE
"MAYORAL OFFICE ASSISTANT",20,,,,,TRUE
"MAYORAL PROGRAM COORDINATOR",35,1.492128678987,0.0571428571428571,0.0285714285714286,0.914285714285714,FALSE
"MECHANICAL ENGINEER",34,6.10403832991102,0.205882352941176,0.117647058823529,0.352941176470588,FALSE
"MECHANICAL ENGINEERING INTERN",7,,,,,TRUE
"MEDIA SERVICES TECHNICIAN",58,6.19986310746064,0.172413793103448,0.155172413793103,0.413793103448276,FALSE
"MEDICAL DIRECTOR",1,,,,,TRUE
"MEDICAL RECORD LIBRARIAN",5,,,,,TRUE
"MEDICOLEGAL ANALYST",1,,,,,TRUE
"MEDICOLEGAL INVESTIGATOR",31,6.05612594113621,0.193548387096774,0.0967741935483871,0.354838709677419,FALSE
"MENTAL HEALTH WORKER",1,,,,,TRUE
"METAL WORK MECHANIC",43,11.3073237508556,0.13953488372093,0.0697674418604651,0.0930232558139535,FALSE
"MINORITY LEADER",1,,,,,TRUE
"MONUMENTS OFFICER",1,,,,,TRUE
"MOTOR VEHICLE OPERATOR",180,9.44558521560575,0.194444444444444,0.0611111111111111,0.25,FALSE
"MOTOR VEHICLE SUPERVISOR",36,18.6570841889117,0.388888888888889,0.166666666666667,0.111111111111111,FALSE
"MULTIPLE DWELLING SPECIALIST",2,,,,,TRUE
"NEW YORK CITY PUBLIC SERVICE FELLOW",178,0.65160848733744,0,0,0.99438202247191,FALSE
"NEW YORK CITY URBAN PLANNING AND DESIGN FELLOW",1,,,,,TRUE
"NURSE PRACTICIONER",8,,,,,TRUE
"NURSE PRACTITIONER",1,,,,,TRUE
"NUTRITION CONSULTANT",12,,,,,TRUE
"NUTRITIONIST",20,,,,,TRUE
"OCCUPATIONAL THERAPIST",2324,8.81314168377823,0.12263339070568,0.0434595524956971,0.314543889845095,FALSE
"OFFICE ASSISTANT",3,,,,,TRUE
"OFFICE MACHINE AIDE",21,,,,,TRUE
"OFFICE MANAGER",8,,,,,TRUE
"OIL BURNER SPECIALIST",4,,,,,TRUE
"OPERATIONS COMMUNICATIONS SPECIALIST",19,,,,,TRUE
"P.O. DA DET GR3",2945,13.9849418206708,0.098811544991511,0.0118845500848896,0.00509337860780985,FALSE
"P.O. DET SPEC",1059,16.9774127310062,0.165250236071766,0.0321057601510859,0.00661000944287063,FALSE
"PARALEGAL AIDE",290,8.19301848049281,0.203448275862069,0.120689655172414,0.306896551724138,FALSE
"PARK SUPERVISOR",490,15.9411362080767,0.287755102040816,0.173469387755102,0.0795918367346939,FALSE
"PARKING CONTROL SPECIALIST",8,,,,,TRUE
"PEER COUNSELOR",1,,,,,TRUE
"PENSION INVESTMENT ADVISOR",3,,,,,TRUE
"PHOTOGRAPHER",24,,,,,TRUE
"PHYSICAL THERAPIST",749,14.8117727583847,0.316421895861148,0.0801068090787717,0.154873164218959,FALSE
"PHYSICIAN S ASSISTANT",2,,,,,TRUE
"PILOT",12,,,,,TRUE
"PLAN EXAMINER",14,,,,,TRUE
"PLANNER PRODUCTION CNTRL & SCHEDULING",1,,,,,TRUE
"PLAYGROUND ASSOCIATE",4,,,,,TRUE
"POISON INFORMATION SPECIALISTS",12,,,,,TRUE
"POLICE ADMINISTRATIVE AIDE",810,6.75564681724846,0.195061728395062,0.128395061728395,0.38641975308642,FALSE
"POLICE ATTENDANT",30,3.11978097193703,0.0333333333333333,0.0333333333333333,0.6,FALSE
"POLICE COMMUNICATIONS TECHNICIAN",1229,5.7659137577002,0.1033360455655,0.0382424735557364,0.45240032546786,FALSE
"POLICE OFFICER",21387,5.73032169746749,0.0245476223874316,0.00551737036517511,0.47650441857203,FALSE
"POLICE OFFICER D/A DETECTIVE 1ST GR",287,24.7501711156742,0.787456445993031,0.498257839721254,0,FALSE
"POLICE OFFICER D/A DETECTIVE 2ND GR",720,19.4715947980835,0.4,0.129166666666667,0,FALSE
"POLICE SURGEON",27,,,,,TRUE
"POLICY ADVISOR TO THE CHANCELLOR DOE",3,,,,,TRUE
"PORT MARINE ENGINEER",2,,,,,TRUE
"PRESIDENT",9,,,,,TRUE
"PRESS OFFICER",10,,,,,TRUE
"PRINCIPAL",1700,24.2245037645448,0.749411764705882,0.43,0.00352941176470588,FALSE
"PRINCIPAL ACCOUNTANT INVESTIGATOR",30,10.6461327857632,0.2,0.166666666666667,0.266666666666667,FALSE
"PRINCIPAL ADMINISTRATIVE ASSOCIATE NON SUPVR",3779,16.6351813826146,0.384228631913205,0.256681661815295,0.0989679809473406,FALSE
"PRINCIPAL APPRAISER",1,,,,,TRUE
"PRINCIPAL ASSIGNED",34,26.1492128678987,0.852941176470588,0.61764705882353,0,FALSE
"PRINCIPAL CUSTODIAL SUPERVISOR",3,,,,,TRUE
"PRINCIPAL FINGERPRINT TECHNICIAN",7,,,,,TRUE
"PRINCIPAL INVESTMENT OFFICER",1,,,,,TRUE
"PRINCIPAL LEGISLATIVE FINANCIAL ANALYST",12,,,,,TRUE
"PRINCIPAL MULTIPLE DWELLING SPECIALIST",1,,,,,TRUE
"PRINCIPAL NUTRITION CONSULTANT",2,,,,,TRUE
"PRINCIPAL PLANNING CONSULTANT",5,,,,,TRUE
"PRINCIPAL POLICE COMMUNICATION TECHNICIAN",56,24.9226557152635,0.767857142857143,0.446428571428571,0,FALSE
"PRINCIPAL TITLE EXAMINER",5,,,,,TRUE
"PRINICIPAL HUMAN RIGHTS SPECIALIST",3,,,,,TRUE
"PRIVATE SECRETARY",3,,,,,TRUE
"PROBATION ASSISTANT",10,,,,,TRUE
"PROBATION OFFICER",441,5.53867214236824,0.201814058956916,0.179138321995465,0.489795918367347,FALSE
"PROCUREMENT ANALYST",303,8.0848733744011,0.217821782178218,0.128712871287129,0.326732673267327,FALSE
"PROFESSOR",678,18.8281998631075,0.43952802359882,0.227138643067847,0.00294985250737463,FALSE
"PROGRAM COORDINATOR",1,,,,,TRUE
"PROGRAM EVALUATOR",82,7.69472963723477,0.195121951219512,0.146341463414634,0.231707317073171,FALSE
"PROGRAM OFFICER",37,9.98494182067077,0.351351351351351,0.189189189189189,0.405405405405405,FALSE
"PROGRAM PRODUCER",19,,,,,TRUE
"PROGRAM SPECIALIST CORRECTION",65,15.9835728952772,0.307692307692308,0.138461538461538,0.0461538461538462,FALSE
"PROJECT COORDINATOR",17,,,,,TRUE
"PROJECT DIRECTOR",3,,,,,TRUE
"PROJECT MANAGER",68,6.19849418206708,0.102941176470588,0.0441176470588235,0.397058823529412,FALSE
"PROJECT MANAGER INTERN",88,1.11156741957563,0,0,0.988636363636364,FALSE
"PROPERTY CLERKS",1,,,,,TRUE
"PROTECTION AGENT",121,7.45242984257358,0,0,0.28099173553719,FALSE
"PSYCHOLOGIST",25,,,,,TRUE
"PSYCHOLOGIST IN TRAIN REG SUB",30,0.82135523613963,0,0,0.833333333333333,FALSE
"PUBLIC ADMINISTRATOR",5,,,,,TRUE
"PUBLIC ADVOCATE",1,,,,,TRUE
"PUBLIC HEALTH ADVISER",281,6.88021902806297,0.224199288256228,0.142348754448399,0.451957295373665,FALSE
"PUBLIC HEALTH ASSISTANT",26,,,,,TRUE
"PUBLIC HEALTH EDUCATOR",69,7.9151266255989,0.115942028985507,0.101449275362319,0.159420289855072,FALSE
"PUBLIC HEALTH EMERGENCY PREPAREDNESS SPECIALIST",47,2.48870636550308,0.0212765957446809,0.0212765957446809,0.723404255319149,FALSE
"PUBLIC HEALTH EPIDEMIOLOGIST",59,11.1156741957563,0.389830508474576,0.288135593220339,0.288135593220339,FALSE
"PUBLIC HEALTH NURSE",75,12.8405201916496,0.28,0.213333333333333,0.0533333333333333,FALSE
"PUBLIC HEALTH PREVENTATIVE MEDICINE RESIDENT",3,,,,,TRUE
"PUBLIC HEALTH SANITARIAN",288,3.46885694729637,0.0868055555555556,0.0208333333333333,0.583333333333333,FALSE
"PUBLIC INFORMATION OFFICER",5,,,,,TRUE
"PUBLIC RECORDS AIDE",28,,,,,TRUE
"PUBLIC RECORDS OFFICER",14,,,,,TRUE
"PUBLIC RELATIONS CONSULTANT",1,,,,,TRUE
"PUBLIC RELATIONS OFFICER",1,,,,,TRUE
"PUPPETEER",4,,,,,TRUE
"PURCHASING AGENT",7,,,,,TRUE
"QUALITY ASSURANCE SPECIALIST",60,6.95687885010267,0.166666666666667,0.0833333333333333,0.383333333333333,FALSE
"QUALITY ASSURANCE SPECIALIST TRAINEE",3,,,,,TRUE
"RACKETS INVESTIGATOR START 4 24 08 NO ABC",59,3.77549623545517,0.0338983050847458,0.0169491525423729,0.627118644067797,FALSE
"RADIO AND TELEVISION OPERATOR",16,,,,,TRUE
"REAL PROPERTY MANAGER",15,,,,,TRUE
"RECREATION DIRECTOR",48,8.24229979466119,0.208333333333333,0.145833333333333,0.354166666666667,FALSE
"RECREATION SPECIALIST",110,4.04106776180698,0.127272727272727,0.0727272727272727,0.554545454545455,FALSE
"RECREATION SUPERVISOR",127,11.5263518138261,0.275590551181102,0.173228346456693,0.196850393700787,FALSE
"REGIONAL DIRECTOR MENTAL HEALTH MENTAL RETARD & ALC SERVICE",4,,,,,TRUE
"REPORTER/ STENOGRAPHER",73,13.6071184120465,0.328767123287671,0.273972602739726,0.232876712328767,FALSE
"RESEARCH AND LIAISON COORDINATOR",26,,,,,TRUE
"RESEARCH AND LIAISON SPECIALIST",4,,,,,TRUE
"RESEARCH ASSISTANT",45,17.8425735797399,0.355555555555556,0.244444444444444,0.288888888888889,FALSE
"RESEARCH PROJECTS COORD",317,2.01232032854209,0.0157728706624606,0.00315457413249211,0.807570977917981,FALSE
"RESEARCH PROJECTS COORDINATOR",29,,,,,TRUE
"RESIDENT BUILDING SUPERINTENDENT",183,23.151266255989,0.579234972677596,0.459016393442623,0.0218579234972678,FALSE
"RISK MANAGEMENT OFFICER",1,,,,,TRUE
"SANITATION COMPLIANCE AGENT",5,,,,,TRUE
"SANITATION ENFORCEMENT AGENT",60,12.8021902806297,0.1,0,0.0666666666666667,FALSE
"SANITATION WORKER",6684,7.97262149212868,0.0786953919808498,0.0207959305804907,0.367295032914423,FALSE
"SCHOOL BUSINESS MANAGER",113,14.1081451060917,0.31858407079646,0.15929203539823,0.0619469026548673,FALSE
"SCHOOL COMPUTER TECHNOLOGY SPECIALIST",238,10.8172484599589,0.142857142857143,0.0630252100840336,0.205882352941176,FALSE
"SCHOOL CROSSING GUARD",77,17.7577002053388,0.350649350649351,0.142857142857143,0.025974025974026,FALSE
"SCHOOL EQUIPMENT MAINTAINER",1,,,,,TRUE
"SCHOOL FOOD SERVICE MANAGER",285,9.58521560574949,0.242105263157895,0.147368421052632,0.305263157894737,FALSE
"SCHOOL LUNCH ASSISTANT",20,,,,,TRUE
"SCHOOL LUNCH LOADER AND HANDLER",29,,,,,TRUE
"SCHOOL MEDICAL INSPECTOR",2,,,,,TRUE
"SCHOOL NEIGHBORHOOD WORKER",4,,,,,TRUE
"SCHOOL PLANT MANAGER",40,7.73442847364819,0.075,0.025,0.225,FALSE
"SCHOOL PSYCHIATRIST",1,,,,,TRUE
"SCHOOL PSYCHOLGIST",1504,12.4065708418891,0.242686170212766,0.124335106382979,0.18218085106383,FALSE
"SCHOOL SAFETY AGENT",3455,12.6817248459959,0.249493487698987,0.0790159189580318,0.219681620839363,FALSE
"SCHOOL SECRETARY",2887,16.8377823408624,0.376169033598892,0.235192241080707,0.0966401108417042,FALSE
"SCHOOL SECRETARY REG SUB",263,7.70431211498973,0.178707224334601,0.106463878326996,0.342205323193916,FALSE
"SCHOOL SOCIAL WORKER",2374,9.71252566735113,0.210193765796125,0.104886267902275,0.292754844144903,FALSE
"SCHOOL SOCIAL WORKER REG SUB",6,,,,,TRUE
"SCIENTIST",100,9.19917864476386,0.21,0.11,0.27,FALSE
"SECOND DEPUTY COMPTROLLER",1,,,,,TRUE
"SECRETARY",476,6.85147159479808,0.365546218487395,0.300420168067227,0.434873949579832,FALSE
"SECRETARY OF COMM",3,,,,,TRUE
"SECRETARY OF COMMISSIONER",1,,,,,TRUE
"SECRETARY OF THE COMMISSION",1,,,,,TRUE
"SECRETARY OF THE DEPARTMENT",2,,,,,TRUE
"SECRETARY TO COMMISSIONER",1,,,,,TRUE
"SECRETARY TO CONFLICTS OF INTEREST BOARD",1,,,,,TRUE
"SECRETARY TO DEPARTMENT",1,,,,,TRUE
"SECRETARY TO DEPUTY COMMISSIONER",2,,,,,TRUE
"SECRETARY TO DEPUTY EXECUTIVE DIRECTOR",4,,,,,TRUE
"SECRETARY TO EXECUTIVE DIRECTOR",1,,,,,TRUE
"SECRETARY TO MEMBER",3,,,,,TRUE
"SECRETARY TO ONE DEPUTY COMMISSIONER",1,,,,,TRUE
"SECRETARY TO PUBLIC ADMINISTRATOR",2,,,,,TRUE
"SECRETARY TO THE BOARD OF CORRECTION",1,,,,,TRUE
"SECRETARY TO THE CHAIRMAN",2,,,,,TRUE
"SECRETARY TO THE CHANCELLOR",1,,,,,TRUE
"SECRETARY TO THE CHIEF ACTUARY",1,,,,,TRUE
"SECRETARY TO THE COMMISSIONER",3,,,,,TRUE
"SECRETARY TO THE COMMISSIONER OF CORRECTION",1,,,,,TRUE
"SECRETARY TO THE COMMISSIONER OF LABOR RELATIONS",1,,,,,TRUE
"SECRETARY TO THE CORPORATION COUNSEL",1,,,,,TRUE
"SECRETARY TO THE DEPARTMENT",1,,,,,TRUE
"SECRETARY TO THE DEPUTY BORO PRESIDENT",1,,,,,TRUE
"SECRETARY TO THE DEPUTY CHAIR",1,,,,,TRUE
"SECRETARY TO THE DEPUTY CHANCELLOR",7,,,,,TRUE
"SECRETARY TO THE DEPUTY COMMISSIONER",12,,,,,TRUE
"SECRETARY TO THE EXEC DEPUTY COMMISSIONER",2,,,,,TRUE
"SECRETARY TO THE FIRE COMMISSIONER",1,,,,,TRUE
"SECRETARY TO THE FIRST ASSISTANT CORPORATION COUNSEL",1,,,,,TRUE
"SECRETARY TO THE FIRST DEPUTY COMMISSIONER",1,,,,,TRUE
"SECRETARY TO THE PRESIDENT",3,,,,,TRUE
"SECRETARY TO THE SPECIAL COMMISSIONER OF INVESTIGATION NYC",1,,,,,TRUE
"SECY TO THE DIRECTOR OF COLLECTIVE BARGAINING",1,,,,,TRUE
"SENIOR ACCOUNTANT INVESTIGATOR",11,,,,,TRUE
"SENIOR ADMINISTRATIVE ASSISTANT",9,,,,,TRUE
"SENIOR ADMINISTRATOR",12,,,,,TRUE
"SENIOR ADVISOR FOR INVESTIGATIONS",1,,,,,TRUE
"SENIOR ADVISOR TO THE MAYOR",1,,,,,TRUE
"SENIOR AUTOMOTIVE SPECIALIST",1,,,,,TRUE
"SENIOR COLLEGE LAB TECH",80,17.3278576317591,0.425,0.225,0.075,FALSE
"SENIOR COMPUTER PROGRAMMER",5,,,,,TRUE
"SENIOR CONSULTANT",35,9.00752908966461,0.114285714285714,0.0857142857142857,0.0857142857142857,FALSE
"SENIOR COOK",21,,,,,TRUE
"SENIOR CUSTODIAL SUPERVISOR",9,,,,,TRUE
"SENIOR DEPUTY COMMISSIONER",1,,,,,TRUE
"SENIOR DETECTIVE INVESTIGATOR START 4 24 08 NO ABC",15,,,,,TRUE
"SENIOR ESTIMATOR",8,,,,,TRUE
"SENIOR EXECUTIVE DIRECTOR OF INTERGOVERNMENTAL AFFAIRS DOE",1,,,,,TRUE
"SENIOR INSTITUTIONAL TRADES INSTRUCTOR",2,,,,,TRUE
"SENIOR INTERGROUP RELATIONS OFFICER",2,,,,,TRUE
"SENIOR IT ARCHITECT",70,3.1047227926078,0.0285714285714286,0.0142857142857143,0.614285714285714,FALSE
"SENIOR LEGISLATIVE FINANCIAL ANALYST",4,,,,,TRUE
"SENIOR LEGISLATIVE POLICY ANALYST",16,,,,,TRUE
"SENIOR MANAGEMENT CONSULTANT",4,,,,,TRUE
"SENIOR PHOTOGRAPHER",18,,,,,TRUE
"SENIOR POLICE ADMINISTRATIVE AIDE",727,13.2895277207392,0.299862448418157,0.237964236588721,0.0206327372764787,FALSE
"SENIOR POLICY ADVISOR TO THE MAYOR",1,,,,,TRUE
"SENIOR PRESS OFFICER",1,,,,,TRUE
"SENIOR PROJECT PLANNER",1,,,,,TRUE
"SENIOR RACKETS INVESTIGATOR",17,,,,,TRUE
"SENIOR RACKETS INVESTIGATOR START 4 24 08 NO ABC",171,6.57357973990417,0.0584795321637427,0.0175438596491228,0.432748538011696,FALSE
"SENIOR REPAIR CREW CHIEF",10,,,,,TRUE
"SENIOR SCHOOL NEIGHBORHOOD WORKER",2,,,,,TRUE
"SENIOR SECRETARY",2,,,,,TRUE
"SENIOR SERVICE INSPECTOR",2,,,,,TRUE
"SENIOR STUDENT LEGAL SPECIALIST",1,,,,,TRUE
"SENIOR SYSTEMS ANALYST",1,,,,,TRUE
"SENIOR SYSTEMS ANALYSTS",2,,,,,TRUE
"SENIOR TITLE EXAMINER",1,,,,,TRUE
"SENIOR VICE PRESIDENT",5,,,,,TRUE
"SENIOR VOTING MACHINE TECHNICIAN",97,11.8822724161533,0.134020618556701,0.0412371134020619,0,FALSE
"SERGEANT",3652,13.9849418206708,0.105421686746988,0.0194414019715225,0.000273822562979189,FALSE
"SERGEANT AT ARMS",5,,,,,TRUE
"SERGEANT D/A SPECIAL ASSIGNMENT",240,19.9698836413415,0.454166666666667,0.1875,0,FALSE
"SERGEANT D/A SUPERVISOR DETECTIVE SQUAD",360,20.4681724845996,0.566666666666667,0.205555555555556,0,FALSE
"SERVICE INSPECTOR",15,,,,,TRUE
"SIGN LANGUAGE INTERPRETER",3,,,,,TRUE
"SOCIAL WORKER",80,5.76865160848734,0.0625,0.0125,0.4625,FALSE
"SPACE ANALYST",39,10.1957563312799,0.230769230769231,0.102564102564103,0.230769230769231,FALSE
"SPEAKER/MAJORITY LEADER",1,,,,,TRUE
"SPEC CONSULTANT",70,7.79876796714579,0.0714285714285714,0,0.257142857142857,FALSE
"SPECIAL ADVISOR TO THE CITY CLERK",1,,,,,TRUE
"SPECIAL ADVISOR TO THE DIRECTOR",6,,,,,TRUE
"SPECIAL ADVISOR TO THE MAYOR FOR HEALTH SERVICES",1,,,,,TRUE
"SPECIAL ASSISTANT",129,3.46885694729637,0.10077519379845,0.0775193798449612,0.643410852713178,FALSE
"SPECIAL ASSISTANT CANNABIS NYC",1,,,,,TRUE
"SPECIAL ASSISTANT DISTRICT ATTORNEY",1,,,,,TRUE
"SPECIAL ASSISTANT IN MENTAL RETARDATION",1,,,,,TRUE
"SPECIAL ASSISTANT TO COMMISSIONER",1,,,,,TRUE
"SPECIAL ASSISTANT TO DA",9,,,,,TRUE
"SPECIAL ASSISTANT TO MEMBER OF THE BOARD OF EDUCATION",6,,,,,TRUE
"SPECIAL ASSISTANT TO THE BOROUGH PRESIDENT",8,,,,,TRUE
"SPECIAL ASSISTANT TO THE CHANCELLOR",6,,,,,TRUE
"SPECIAL ASSISTANT TO THE COMMISSIONER",2,,,,,TRUE
"SPECIAL ASSISTANT TO THE DA",2,,,,,TRUE
"SPECIAL ASSISTANT TO THE DEPUTY EXECUTIVE DIRECTOR",7,,,,,TRUE
"SPECIAL ASSISTANT TO THE DISTRICT ATTORNEY",6,,,,,TRUE
"SPECIAL ASSISTANT TO THE EXECUTIVE DIRECTOR",1,,,,,TRUE
"SPECIAL ASSISTANT TO THE FIRE COMMISSIONER",1,,,,,TRUE
"SPECIAL ASSISTANT TO THE FIRST DEPUTY COMMISSIONER",1,,,,,TRUE
"SPECIAL ASSISTANT TO THE HUMAN RESOURCES ADMINISTRATOR",2,,,,,TRUE
"SPECIAL ASSISTANT TO THE MAYOR",1,,,,,TRUE
"SPECIAL ASSISTANT TO THE PRESIDENT",1,,,,,TRUE
"SPECIAL COMMISSIONER OF INVESTIGATION NYC SCHOOL DISTRICT",1,,,,,TRUE
"SPECIAL CONSULTANT",35,8.31759069130732,0.0285714285714286,0.0285714285714286,0.171428571428571,FALSE
"SPECIAL DEPUTY COMPTROLLER",1,,,,,TRUE
"SPECIAL INVESTIGATOR",56,6.90759753593429,0.160714285714286,0.142857142857143,0.392857142857143,FALSE
"SPECIAL OFFICER",541,3.14305270362765,0.044362292051756,0.0184842883548983,0.536044362292052,FALSE
"SPVSG FAD DIR DSPTCH OP DETAIL",1,,,,,TRUE
"SR HEALTHCARE PROG PLAN ANLYST",58,8.31759069130732,0,0,0.413793103448276,FALSE
"SR MANAGEMENT CONSULTANT",9,,,,,TRUE
"SR PROJECT PLANNER",1,,,,,TRUE
"SR SYSTEMS ANALYST EDP",1,,,,,TRUE
"STAFF ANALYST",582,4.69130732375086,0.13573883161512,0.104810996563574,0.503436426116838,FALSE
"STAFF ANALYST TRAINEE",39,1.08966461327858,0,0,0.974358974358974,FALSE
"STAFF ASSISTANT",12,,,,,TRUE
"STAFF AUDIOLOGIST",11,,,,,TRUE
"STAFF NURSE",660,7.80013689253936,0.118181818181818,0.0515151515151515,0.324242424242424,FALSE
"STAFF NURSE ASSIGNMENT LEVEL 2",18,,,,,TRUE
"STAFF NURSE ASSIGNMENT LEVEL 3",27,,,,,TRUE
"STATISTICAL SECRETARY",5,,,,,TRUE
"STATISTICIAN",4,,,,,TRUE
"STENOGRAPHER TO EACH DEPUTY COMMISSIONER",6,,,,,TRUE
"STENOGRAPHIC SPECIALIST",3,,,,,TRUE
"STENOGRAPHIC/SECRETARIAL ASSOCIATE",1,,,,,TRUE
"STOCK WORKER",94,5.41409993155373,0.127659574468085,0.074468085106383,0.478723404255319,FALSE
"STRATEGI INITIATIVE SPECIALIST",2,,,,,TRUE
"STRATEGIC INITIATIVE SPECIALIST",87,2.64750171115674,0.0804597701149425,0.0804597701149425,0.620689655172414,FALSE
"SUBSTANCE ABUSE PREVENTION & INTERVENTION SPECIALIST",279,3.83025325119781,0.197132616487455,0.157706093189964,0.526881720430108,FALSE
"SUBSTITUTE TEACHER",20,,,,,TRUE
"SUPERINTENDENT",1,,,,,TRUE
"SUPERINTENDENT OF ADULT INSTITUTIONS",11,,,,,TRUE
"SUPERINTENDENT OF WATER AND SEWER SYSTEMS",20,,,,,TRUE
"SUPERVISING ACCOUNTANT INVESTIGATOR",7,,,,,TRUE
"SUPERVISING BLASTING INSPECTOR",3,,,,,TRUE
"SUPERVISING CHIEF SURGEON",1,,,,,TRUE
"SUPERVISING COMPUTER SERVICE TECHNICIAN",44,21.3196440793977,0.522727272727273,0.25,0.113636363636364,FALSE
"SUPERVISING DEMOLITION INSPECTOR",4,,,,,TRUE
"SUPERVISING DEPUTY SHERIFF AL 1 ONLY 40 HR",8,,,,,TRUE
"SUPERVISING DOCKMASTER",2,,,,,TRUE
"SUPERVISING EMERGENCY MEDICAL SERVICE SPECIALIST",613,17.9958932238193,0.355628058727569,0.192495921696574,0,FALSE
"SUPERVISING EMERGENCY MEDICAL SERVICE SPECIALIST DPTY CHIEFS",52,25.9383983572895,0.730769230769231,0.519230769230769,0,FALSE
"SUPERVISING FIRE ALARM DISPATCHER",41,17.2484599589322,0.390243902439024,0.024390243902439,0,FALSE
"SUPERVISING FIRE MARSHAL",24,,,,,TRUE
"SUPERVISING HOUSEKEEPER",2,,,,,TRUE
"SUPERVISING HOUSING GROUNDSKEEPER",138,13.4729637234771,0.304347826086957,0.188405797101449,0.0289855072463768,FALSE
"SUPERVISING HUMAN RIGHTS SPECIALIST",3,,,,,TRUE
"SUPERVISING POLICE COMMUNICATIONS TECHNICIAN",180,18.5557837097878,0.411111111111111,0.116666666666667,0,FALSE
"SUPERVISING PROBATION OFFICER",156,18.0424366872005,0.397435897435897,0.358974358974359,0.0128205128205128,FALSE
"SUPERVISING PUBLIC HEALTH ADVISER",116,23.2539356605065,0.594827586206897,0.456896551724138,0.0344827586206897,FALSE
"SUPERVISING RACKETS INVESTIGATOR",21,,,,,TRUE
"SUPERVISING RACKETS INVESTIGATOR START 4 24 08 NO ABC",29,,,,,TRUE
"SUPERVISING SPECIAL OFFICER",236,11.9206023271732,0.14406779661017,0.00847457627118644,0.11864406779661,FALSE
"SUPERVISING THERAPIST",41,18.8309377138946,0.414634146341463,0.170731707317073,0,FALSE
"SUPERVISOR",1380,12.8405201916496,0.205797101449275,0.0869565217391304,0.0717391304347826,FALSE
"SUPERVISOR ASSIGNED",30,24.7789185489391,0.666666666666667,0.433333333333333,0,FALSE
"SUPERVISOR I",339,21.1006160164271,0.542772861356932,0.303834808259587,0.00884955752212389,FALSE
"SUPERVISOR I SOCIAL WORK",19,,,,,TRUE
"SUPERVISOR II",128,26.6201232032854,0.8125,0.625,0.0078125,FALSE
"SUPERVISOR II SOCIAL WORK",29,,,,,TRUE
"SUPERVISOR III",42,33.192334017796,0.833333333333333,0.833333333333333,0,FALSE
"SUPERVISOR III SOCIAL WORK",7,,,,,TRUE
"SUPERVISOR OF CHILD CARE",4,,,,,TRUE
"SUPERVISOR OF ELECTRICAL INSTALLATIONS & MAINTENANCE",65,8.30116358658453,0.169230769230769,0.0923076923076923,0.338461538461538,FALSE
"SUPERVISOR OF HOUSING CARETAKER",184,14.4695414099932,0.33695652173913,0.21195652173913,0.0489130434782609,FALSE
"SUPERVISOR OF HOUSING STOCK WORKERS",8,,,,,TRUE
"SUPERVISOR OF INVESTIGATORS",20,,,,,TRUE
"SUPERVISOR OF IRONWORK",2,,,,,TRUE
"SUPERVISOR OF MECHANICAL INSTALLATIONS & MAINTENANCE",55,7.26351813826146,0.236363636363636,0.218181818181818,0.345454545454545,FALSE
"SUPERVISOR OF MECHANICS",196,17.6892539356605,0.362244897959184,0.193877551020408,0.0255102040816327,FALSE
"SUPERVISOR OF MOTOR TRANSPORT",7,,,,,TRUE
"SUPERVISOR OF NURSES",22,,,,,TRUE
"SUPERVISOR OF OFFICE MACHINE OPERATIONS",29,,,,,TRUE
"SUPERVISOR OF RADIO AND TELEVISION OPERATORS",8,,,,,TRUE
"SUPERVISOR OF RADIO REPAIR OPERATIONS",14,,,,,TRUE
"SUPERVISOR OF SCHOOL SECURITY",102,22.993839835729,0.656862745098039,0.245098039215686,0,FALSE
"SUPERVISOR OF STOCK WORKERS",99,10.4640657084189,0.222222222222222,0.151515151515152,0.161616161616162,FALSE
"SUPERVISOR OF TRAFFIC DEVICE MAINTAINERS",26,,,,,TRUE
"SUPERVISOR OF TRAFFIC DEVICE MAINTAINERS LEVEL 1 ONLY",47,16.766598220397,0.340425531914894,0.148936170212766,0.0212765957446809,FALSE
"SUPVSNG SYSTEMS ANALYST",2,,,,,TRUE
"SURVEYOR",52,11.709787816564,0.288461538461538,0.173076923076923,0.153846153846154,FALSE
"SYSTEMS ADMINISTRATOR CAM FIN BD",19,,,,,TRUE
"SYSTEMS ANALYST",3,,,,,TRUE
"TAX MAP CARTOGRAPHER",2,,,,,TRUE
"TAXI AND LIMOUSINE INSPECTOR",87,6.72416153319644,0.0574712643678161,0.0229885057471264,0.229885057471264,FALSE
"TEACH ASST VOCATION REG SUB",28,,,,,TRUE
"TEACHER",49780,15.9972621492129,0.35829650462033,0.17326235435918,0.157653676175171,FALSE
"TEACHER AIDE",197,10.2915811088296,0.121827411167513,0.0406091370558376,0.258883248730964,FALSE
"TEACHER ASSIGNED A",631,20.7310061601643,0.510301109350238,0.266244057052298,0.0364500792393027,FALSE
"TEACHER ASSIGNED B",16,,,,,TRUE
"TEACHER ATTENDANCE",374,23.6125941136208,0.601604278074866,0.438502673796791,0.0320855614973262,FALSE
"TEACHER OF LIBRARY",1,,,,,TRUE
"TEACHER REG SUB",746,3.73716632443532,0.100536193029491,0.0670241286863271,0.603217158176944,FALSE
"TEACHER SPECIAL EDUCATION",27168,11.284052019165,0.183819199057715,0.0930506478209658,0.19511925795053,FALSE
"TEACHER SPECIAL EDUCATION REG SUB",89,3.40588637919233,0.0561797752808989,0.0112359550561798,0.651685393258427,FALSE
"TEACHER TRAINER",2,,,,,TRUE
"TELECOMMUNCATION MANAGER",1,,,,,TRUE
"TELECOMMUNICATION MANAGER",27,,,,,TRUE
"TELECOMMUNICATIONS ASSOCIATE",153,7.57837097878166,0.222222222222222,0.124183006535948,0.300653594771242,FALSE
"TELECOMMUNICATIONS MANAGER",30,3.13347022587269,0.0666666666666667,0.0333333333333333,0.733333333333333,FALSE
"TELEPHONE SERVICE TECHNICIAN",10,,,,,TRUE
"TEMPORARY CLERK",4,,,,,TRUE
"TESTS AND MEASUREMENT SPECIALIST",20,,,,,TRUE
"TRAFFIC CONTROL INSPECTOR",41,8.70088980150582,0.024390243902439,0.024390243902439,0.268292682926829,FALSE
"TRAFFIC DEVICE MAINTAINER",188,5.73032169746749,0.186170212765957,0.101063829787234,0.393617021276596,FALSE
"TRAFFIC ENFORCEMENT AGENT",2076,7.76180698151951,0.11897880539499,0.0269749518304432,0.352119460500963,FALSE
"TRAINER ASSISTANT",72,11.9123887748118,0.111111111111111,0.0277777777777778,0.125,FALSE
"TRANSPORTATION SPECIALIST",197,10.7323750855578,0.263959390862944,0.177664974619289,0.131979695431472,FALSE
"UFT SCHOOL SECRETARY ASSIGNED NON SCHOOL BASED 12 MONTH",2,,,,,TRUE
"UNIVERSITY ARCHITECT",1,,,,,TRUE
"UNIVERSITY ASSISTANT ARCHITECT",1,,,,,TRUE
"UNIVERSITY ASSISTANT DEAN",1,,,,,TRUE
"UNIVERSITY ASSISTANT ENGINEER",1,,,,,TRUE
"UNIVERSITY ASSOCIATE ADMINISTRATOR",1,,,,,TRUE
"UNIVERSITY DEAN",3,,,,,TRUE
"URBAN ARCHEOLOGIST",1,,,,,TRUE
"URBAN PARK RANGER",241,2.87200547570157,0.04149377593361,0.024896265560166,0.659751037344398,FALSE
"VICE PRESIDENT",30,4.17796030116359,0.133333333333333,0.1,0.566666666666667,FALSE
"VICE PRESIDENT NYC PHPT",2,,,,,TRUE
"VOTING MACHINE TECHNICIAN",95,4.79397672826831,0.0210526315789474,0.0210526315789474,0.547368421052632,FALSE
"WARDEN",7,,,,,TRUE
"WARDEN ASSISTANT DEPUTY WARDEN TED 11/1/92",69,17.45106091718,0.159420289855072,0.0579710144927536,0.0144927536231884,FALSE
"WARDEN DEPUTY WARDEN TED 11/1/92",25,,,,,TRUE
"WATER TREATMENT PLANT OPERATOR L1",1,,,,,TRUE
"WATER TREATMENT PLANT OPERATOR L2 & 3",18,,,,,TRUE
"WATER USE INSPECTOR",46,3.564681724846,0.0434782608695652,0.0217391304347826,0.58695652173913,FALSE
"WATERSHED MAINTAINER",193,5.27036276522929,0.119170984455959,0.0725388601036269,0.487046632124352,FALSE
"WIPER",16,,,,,TRUE
"WORKER S COMPENSATION BENEFITS EXAMINER",53,11.460643394935,0.339622641509434,0.207547169811321,0.226415094339623,FALSE
"X RAY TECHNICIAN",5,,,,,TRUE
"YOUTH DEVELOPMENT SPECIALIST",524,2.37645448323066,0,0,0.702290076335878,FALSE
